address,size
0x80004000,36
0x80004030,12
0x80004040,8
0x80004050,360
0x800041c0,68
0x80004210,144
0x800042a0,188
0x80004360,36
0x80004390,52
0x800043c4,668
0x80004660,180
0x80004714,48
0x800070e0,268
0x80007230,744
0x80007530,16
0x80007570,20
0x80007770,20
0x80007960,284
0x80007a90,920
0x80007e30,148
0x800080c0,136
0x80008150,148
0x800081f0,232
0x800082e0,432
0x80008590,708
0x80008860,1072
0x80008c90,1932
0x80009420,708
0x800096f0,684
0x800099a0,168
0x80009a50,784
0x80009d60,704
0x8000a020,404
0x8000a520,668
0x8000a9a0,1740
0x8000b070,1800
0x8000b780,1768
0x8000be90,1960
0x8000c6e0,1280
0x8000cbe0,1288
0x8000d0f0,1280
0x8000d5f0,1288
0x8000de00,68
0x8000de50,72
0x8000dea0,76
0x8000def0,88
0x8000df50,100
0x8000e330,580
0x8000e580,196
0x8000e670,192
0x8000e9a0,536
0x8000ebc0,740
0x8000eeb0,124
0x8000ef30,760
0x8000f230,760
0x8000f530,752
0x8000f8b0,724
0x8000fba0,124
0x80010060,24
0x800100d0,40
0x80010100,964
0x80010590,444
0x80010750,120
0x800107f0,76
0x80010840,2256
0x80011120,120
0x800111a0,200
0x80011270,444
0x80011430,800
0x80011750,308
0x80011890,124
0x80011910,92
0x80011970,2164
0x800121f0,2556
0x80012c10,20
0x80012c90,372
0x80012e10,504
0x80013010,1476
0x800135e0,4
0x800135f0,440
0x800137b0,728
0x80013a90,272
0x80013bc0,120
0x80013c80,132
0x80013d10,192
0x80013dd0,4
0x80013df0,8
0x80013e20,820
0x80014160,820
0x800144a0,1968
0x80014c50,4
0x80014c60,4
0x80014c70,8
0x80014c80,8
0x80014c90,52
0x80014cd0,28
0x80014cf0,68
0x80014d40,68
0x80014d90,96
0x80014df0,64
0x80014e30,20
0x80014e50,20
0x80014e70,20
0x80014e90,8
0x80014ea0,756
0x800151a0,12
0x800151b0,324
0x80015300,324
0x80015450,744
0x80015740,324
0x80015890,744
0x80015b80,28
0x80015ba0,88
0x80015c00,336
0x80015dc0,572
0x80016000,392
0x80016190,284
0x800162b0,2000
0x80016a80,428
0x80016c30,216
0x80016d10,12
0x80016d20,384
0x80016ea0,16
0x80016f00,256
0x80017010,232
0x80017100,420
0x800172b0,336
0x80017400,696
0x800176d0,528
0x80017900,960
0x80017cc0,84
0x80017d20,276
0x80017e40,320
0x80017f80,404
0x80018120,484
0x80018310,880
0x80018680,292
0x800187b0,292
0x800188e0,516
0x80018b10,176
0x80018bc0,248
0x80018cc0,184
0x80018d80,132
0x80018e30,300
0x80018f60,300
0x80019090,300
0x800191c0,292
0x800192f0,292
0x80019420,432
0x800195d0,448
0x80019790,256
0x80019890,256
0x80019990,256
0x80019a90,256
0x80019b90,276
0x80019cb0,340
0x80019e10,228
0x80019f20,116
0x80019fa0,108
0x8001a010,84
0x8001a0f0,300
0x8001a480,224
0x8001a560,296
0x8001a730,164
0x8001a7e0,164
0x8001a890,252
0x8001a990,264
0x8001aaa0,24
0x8001aac0,748
0x8001adb0,268
0x8001aed0,328
0x8001b020,148
0x8001b0f0,112
0x8001b160,100
0x8001b1d0,116
0x8001b2d0,232
0x8001b3f0,124
0x8001b470,24
0x8001b490,36
0x8001b4c0,28
0x8001b4e0,320
0x8001b620,16
0x8001b630,36
0x8001b660,532
0x8001b880,28
0x8001b8a0,92
0x8001b900,16
0x8001b910,1336
0x8001be50,64
0x8001be90,100
0x8001bf00,108
0x8001bf70,100
0x8001bfe0,288
0x8001c110,8
0x8001c120,988
0x8001c6b0,800
0x8001c9d0,572
0x8001cc10,564
0x8001ce50,452
0x8001d020,480
0x8001d200,480
0x8001d3e0,572
0x8001d620,564
0x8001d860,452
0x8001da30,480
0x8001dc10,572
0x8001de50,564
0x8001e090,452
0x8001e260,480
0x8001e440,560
0x8001e670,560
0x8001e8a0,356
0x8001ea10,384
0x8001eb90,580
0x8001ede0,580
0x8001f030,420
0x8001f1e0,448
0x8001f3a0,576
0x8001f5e0,572
0x8001f820,372
0x8001f9a0,408
0x8001fb40,524
0x8001fd50,304
0x8001ff60,1332
0x800204a0,1388
0x80020a30,64
0x80020a70,152
0x80020b20,432
0x80020cd0,1092
0x80021120,8
0x80021130,72
0x800211a0,1004
0x80021590,500
0x80021790,300
0x800218c0,8
0x800218d0,20
0x800218f0,240
0x800219e0,112
0x80021a50,48
0x80021a80,612
0x80021d00,588
0x80021f50,588
0x800221a0,20
0x800221c0,124
0x80022240,744
0x80022530,280
0x80022650,96
0x800226b0,276
0x800227d0,100
0x80022840,376
0x800229c0,812
0x80022cf0,28
0x80022d10,12
0x80022d20,16
0x80022d30,8
0x80022d40,8
0x80022d50,12
0x80022d60,8
0x80022d70,20
0x80022d90,8
0x80022da0,20
0x80022dc0,8
0x80022dd0,20
0x80022df0,20
0x80022e10,3456
0x80023b90,36
0x80023bc0,1056
0x80023fe0,36
0x80024010,36
0x80024040,56
0x80024080,28
0x800240a0,12
0x800240b0,16
0x800240c0,24
0x800240e0,20
0x80024100,120
0x80024180,8
0x80024190,372
0x80024310,8
0x80024320,8
0x80024330,808
0x80024660,16
0x80024670,8
0x80024680,8
0x80024690,16
0x800246a0,912
0x80024a30,1060
0x80024e70,56
0x80024eb0,344
0x80025010,3244
0x80025cc0,28
0x80025ce0,64
0x80025d20,104
0x80025d90,908
0x80026120,300
0x80026250,12
0x80026260,36
0x80026290,8
0x800262a0,20
0x800262c0,20
0x800262e0,20
0x80026300,856
0x80026660,632
0x800268e0,436
0x80026aa0,388
0x80026c30,176
0x80026ce0,44
0x80026d10,84
0x80026d70,136
0x80026e00,36
0x80026e30,140
0x80026ec0,48
0x80026ef0,36
0x80026f20,204
0x80026ff0,8
0x80027000,312
0x80027140,28
0x80027160,300
0x80027290,8
0x800272a0,8
0x800272b0,112
0x80027340,88
0x80027610,292
0x80027740,424
0x80027e80,296
0x80027fb0,428
0x80028160,684
0x80028410,696
0x800286d0,280
0x800287f0,400
0x80028980,316
0x80028ac0,196
0x80028b90,200
0x80028c60,200
0x80028d30,8
0x80028d40,76
0x80028d90,1008
0x80029190,224
0x80029270,184
0x80029330,140
0x800293e0,776
0x800296f0,32
0x80029710,8
0x80029720,48
0x80029750,564
0x80029990,8
0x800299a0,56
0x800299e0,4
0x800299f0,48
0x80029a20,68
0x80029a70,48
0x80029aa0,100
0x80029b10,20
0x80029b30,48
0x80029b60,8
0x80029b70,16
0x80029b80,576
0x80029dc0,16
0x80029dd0,8
0x80029de0,140
0x80029e70,92
0x80029ed0,164
0x80029f80,248
0x8002a080,24
0x8002a0a0,856
0x8002a400,632
0x8002a680,176
0x8002a730,44
0x8002a760,48
0x8002a790,36
0x8002a7c0,8
0x8002a7d0,36
0x8002a800,1444
0x8002adb0,284
0x8002aed0,352
0x8002b030,452
0x8002b240,96
0x8002b2a0,388
0x8002b430,280
0x8002b550,36
0x8002b580,100
0x8002b5f0,108
0x8002b660,156
0x8002b700,1440
0x8002bca0,2524
0x8002c690,2192
0x8002cf30,336
0x8002d080,116
0x8002d100,132
0x8002d190,128
0x8002d210,84
0x8002d270,72
0x8002d2c0,1772
0x8002d9b0,196
0x8002da80,176
0x8002db30,344
0x8002dc90,1020
0x8002e090,1252
0x8002e580,280
0x8002e6a0,848
0x8002e9f0,924
0x8002ed90,880
0x8002f100,1120
0x8002f690,52
0x8002f6d0,36
0x8002f740,84
0x8002f7b0,408
0x8002f950,196
0x8002fc60,80
0x8002fcb0,148
0x8002fdd0,80
0x8002fe20,148
0x8002ff40,80
0x8002ff90,148
0x800300b0,80
0x80030100,148
0x800301b0,648
0x80030440,64
0x80030480,212
0x80030560,8
0x80030570,36
0x800305a0,244
0x800306a0,188
0x80030760,500
0x80030970,444
0x80030b40,228
0x80030c30,148
0x80030cd0,604
0x80030f30,500
0x80031130,108
0x800311a0,472
0x800313b0,200
0x80031480,192
0x80031540,172
0x80031610,708
0x800318e0,344
0x80031a40,3244
0x800326f0,308
0x80032830,900
0x80032bc0,1756
0x800332b0,96
0x80033310,856
0x80033670,632
0x800338f0,176
0x800339a0,44
0x800339d0,48
0x80033a00,36
0x80033a60,712
0x80033d30,656
0x80033fc0,140
0x80034050,92
0x800340b0,2296
0x800349b0,272
0x80034ac0,68
0x80034b10,240
0x80034c00,8
0x80034c10,472
0x80034df0,32
0x80034e20,16
0x80034e30,160
0x80034ed0,40
0x80034f00,8
0x80034f20,12
0x80034f30,12
0x80034f40,64
0x80034f80,100
0x80034ff0,728
0x800352d0,96
0x80035330,264
0x800354b0,100
0x80035520,1224
0x800359f0,376
0x80035b70,216
0x80035c50,660
0x80035ef0,708
0x800361c0,1348
0x80036710,96
0x80036770,96
0x800367d0,96
0x80036830,100
0x800368a0,444
0x80036a80,780
0x80036d90,780
0x800370a0,448
0x80037280,184
0x80037350,340
0x800374b0,52
0x800374f0,1020
0x800378f0,3160
0x80038560,96
0x800385c0,52
0x80038600,1020
0x80038a00,1036
0x80038e40,532
0x80039060,288
0x80039180,900
0x80039510,1756
0x80039c00,108
0x80039c70,160
0x80039d10,200
0x80039de0,832
0x8003a120,1072
0x8003a550,1016
0x8003a950,776
0x8003ac60,1768
0x8003b350,148
0x8003b3f0,140
0x8003b480,628
0x8003b700,104
0x8003b770,344
0x8003b8d0,3228
0x8003c570,856
0x8003c8d0,632
0x8003cb50,176
0x8003cc00,44
0x8003cc30,48
0x8003cc60,36
0x8003cc90,788
0x8003cfb0,788
0x8003d2d0,788
0x8003d5f0,4
0x8003d600,4
0x8003d610,4
0x8003d630,64
0x8003d6b0,96
0x8003d710,116
0x8003d790,592
0x8003d9e0,280
0x8003db00,800
0x8003de20,272
0x8003df30,60
0x8003df70,136
0x8003e010,36
0x8003e040,36
0x8003e070,16
0x8003e090,684
0x8003e340,432
0x8003e4f0,444
0x8003e6b0,1136
0x8003eb20,764
0x8003ee20,184
0x8003eee0,64
0x8003ef20,24
0x8003ef40,16
0x8003ef50,1008
0x8003f340,296
0x8003f470,196
0x8003f540,248
0x8003f640,672
0x8003f8f0,668
0x8003fb90,1124
0x80040000,108
0x80040070,584
0x80040310,60
0x80040360,56
0x800403f0,84
0x80040450,68
0x800404a0,1248
0x80040980,112
0x800409f0,280
0x80040b50,88
0x80040bb0,488
0x80040da0,216
0x80040e80,64
0x80040ec0,92
0x80040f20,192
0x80040fe0,112
0x80041050,148
0x800410f0,108
0x80041160,116
0x800411e0,124
0x80041270,256
0x80041370,164
0x80041420,300
0x80041550,1644
0x80041c20,840
0x80041f70,160
0x80042010,280
0x80042140,968
0x80042520,304
0x80042650,136
0x800426e0,164
0x80042790,156
0x80042830,780
0x80042b40,112
0x80042bb0,784
0x80042ec0,416
0x80043060,172
0x80043140,64
0x800433e0,72
0x80043460,44
0x80043490,824
0x800437d0,832
0x80043b10,392
0x80043ca0,40
0x80043cd0,1532
0x800442d0,152
0x80044370,232
0x80044460,1848
0x80044c20,708
0x80044ef0,132
0x80044f80,708
0x80045250,780
0x80045560,112
0x800455d0,784
0x80045920,2068
0x80046150,1180
0x80046600,260
0x80046820,252
0x80046920,896
0x80046ca0,792
0x80046fc0,232
0x800470b0,812
0x80047470,292
0x80047610,88
0x800476a0,220
0x80047780,768
0x80047a80,52
0x80047ac0,12
0x80047ad0,12
0x80047ae0,52
0x80047b20,12
0x80047b30,92
0x80047b90,92
0x80047bf0,40
0x80047c20,40
0x80047c60,12
0x80047c70,84
0x80047cd0,84
0x80047d30,40
0x80047d60,52
0x80047da0,256
0x80047ea0,604
0x80048100,608
0x80048360,344
0x800484c0,260
0x800485d0,252
0x800486d0,224
0x800487b0,100
0x80048820,216
0x80048900,364
0x80048a70,88
0x80048ad0,168
0x80048b80,164
0x80048c30,224
0x80048d10,244
0x80048e10,60
0x80048e50,100
0x80048ec0,104
0x80048f30,20
0x80048f50,104
0x80048fc0,20
0x80048fe0,104
0x80049050,20
0x80049070,104
0x800490e0,20
0x80049100,20
0x80049120,24
0x80049140,36
0x80049170,16
0x80049180,216
0x80049260,656
0x800494f0,8
0x80049500,2264
0x80049de0,24
0x80049e00,28
0x80049e20,20
0x80049e40,124
0x80049ec0,492
0x8004a0b0,80
0x8004a100,16
0x8004a110,12
0x8004a1d0,1300
0x8004a6f0,8
0x8004a700,288
0x8004a820,168
0x8004a8d0,124
0x8004a950,152
0x8004a9f0,108
0x8004aa60,8
0x8004aa80,12
0x8004aaa0,296
0x8004abd0,8
0x8004abe0,8
0x8004abf0,1868
0x8004b340,16
0x8004b350,64
0x8004b390,12
0x8004b3a0,140
0x8004b430,28
0x8004b450,8
0x8004b460,16
0x8004b470,8
0x8004b480,20
0x8004b4a0,268
0x8004b5b0,1184
0x8004ba50,28
0x8004ba70,36
0x8004baa0,160
0x8004bb40,12
0x8004bb50,744
0x8004be40,1468
0x8004c400,28
0x8004c420,16
0x8004c430,8
0x8004c440,12
0x8004c450,8
0x8004c460,16
0x8004c470,20
0x8004c490,1672
0x8004cb20,132
0x8004cbb0,48
0x8004cbe0,28
0x8004cc00,36
0x8004cc30,160
0x8004ccd0,28
0x8004ccf0,12
0x8004cd00,124
0x8004cd90,12
0x8004cda0,244
0x8004cea0,212
0x8004cf80,8
0x8004cf90,144
0x8004d020,16
0x8004d030,8
0x8004d040,740
0x8004d330,144
0x8004d3c0,60
0x8004d400,320
0x8004d540,4
0x8004d550,388
0x8004d6e0,16
0x8004d6f0,176
0x8004d910,1436
0x8004deb0,12
0x8004dec0,32
0x8004dee0,12
0x8004def0,12
0x8004df00,40
0x8004df30,8
0x8004df40,24
0x8004df60,16
0x8004df70,332
0x8004e0c0,384
0x8004e240,1092
0x8004e690,1004
0x8004ea80,844
0x8004edd0,292
0x8004ef00,296
0x8004f060,44
0x8004f090,392
0x8004f220,56
0x8004f260,20
0x8004f280,1016
0x8004f680,20
0x8004f6a0,232
0x8004f790,64
0x8004f7d0,64
0x8004f810,64
0x8004f850,20
0x8004f870,20
0x8004f890,148
0x8004f930,64
0x8004f970,64
0x8004f9b0,20
0x8004f9d0,152
0x8004fa70,64
0x8004fab0,64
0x8004faf0,20
0x8004fb10,152
0x8004fbb0,64
0x8004fbf0,64
0x8004fc30,20
0x8004fc50,152
0x8004fcf0,64
0x8004fd30,64
0x8004fd70,20
0x8004fd90,152
0x8004fe30,64
0x8004fe70,64
0x8004feb0,20
0x8004fed0,132
0x8004ff60,64
0x8004ffa0,12
0x8004ffb0,12
0x80050000,744
0x80050490,168
0x80050540,936
0x800508f0,1208
0x80050db0,1084
0x800511f0,848
0x80051540,12
0x80051550,8
0x80051560,4
0x80051570,8
0x80051580,16
0x80051590,12
0x800515a0,12
0x800515b0,20
0x800515d0,12
0x800515e0,20
0x80051600,876
0x80051970,2040
0x80052170,12
0x80052190,8
0x800521a0,8
0x800521b0,68
0x80052200,76
0x80052260,12
0x80052270,136
0x80052300,136
0x80052390,220
0x80052470,136
0x80052500,8
0x80052510,68
0x80052560,748
0x80052860,740
0x80052b60,96
0x80052bc0,736
0x80052ea0,292
0x80052fd0,144
0x80053060,1308
0x80053580,152
0x80053620,524
0x80053850,1208
0x80053d70,60
0x80053ef0,52
0x80053f40,52
0x80053f80,1636
0x800545f0,396
0x80054780,1320
0x80054cb0,208
0x80054d80,212
0x80054e60,1068
0x80055290,2308
0x80055bb0,440
0x80055d90,204
0x80055e60,168
0x80055f40,208
0x80056040,208
0x80056110,152
0x800561b0,108
0x80056220,104
0x800562b0,640
0x80056530,600
0x80056790,604
0x800569f0,564
0x80056c30,1592
0x80057270,1760
0x80057960,820
0x80057ca0,780
0x80057fb0,784
0x800582c0,460
0x80058490,284
0x800585b0,244
0x800586b0,1280
0x80058bc0,1332
0x80059100,1300
0x80059620,116
0x800596b0,1184
0x80059b60,136
0x80059bf0,1524
0x8005a1f0,792
0x8005a510,280
0x8005a650,148
0x8005a6f0,8
0x8005a700,48
0x8005a740,1692
0x8005ade0,316
0x8005af20,1952
0x8005b6c0,1384
0x8005bcf0,60
0x8005bd90,60
0x8005be30,60
0x8005bed0,60
0x8005bf70,60
0x8005c010,60
0x8005c190,56
0x8005c2b0,56
0x8005c3d0,56
0x8005c4f0,56
0x8005c610,56
0x8005c730,56
0x8005c850,56
0x8005c890,308
0x8005c9d0,656
0x8005cc60,108
0x8005ccd0,64
0x8005cd10,64
0x8005cd50,64
0x8005cd90,64
0x8005cdd0,64
0x8005ce10,64
0x8005ce50,64
0x8005ce90,8
0x8005cec0,132
0x8005cf50,352
0x8005d0b0,2480
0x8005da70,2820
0x8005e580,1616
0x8005ebd0,200
0x8005eca0,176
0x8005ed50,2300
0x8005f700,208
0x8005f7d0,120
0x8005f850,324
0x8005f9a0,136
0x8005fa30,420
0x8005fbe0,32
0x8005fc10,8
0x8005fc20,140
0x8005fce0,1192
0x80060190,976
0x80060560,200
0x80060630,176
0x800606e0,200
0x800607b0,176
0x80060860,400
0x800609f0,224
0x80060ad0,224
0x80060bb0,140
0x80060c40,140
0x80060cd0,188
0x80060d90,188
0x80060e50,180
0x80060f10,180
0x80060fd0,216
0x800610b0,1296
0x800615c0,1772
0x80061cb0,448
0x80061e70,776
0x80062180,2388
0x80062ae0,328
0x80062c30,1584
0x80063260,64
0x800632a0,88
0x80063300,100
0x80063370,1072
0x800637a0,1040
0x80063bb0,108
0x80063c30,96
0x80063cb0,1548
0x800642c0,3264
0x80064f80,188
0x80065040,1712
0x800656f0,1340
0x80065c30,124
0x80065cc0,36
0x80065cf0,1012
0x800660f0,352
0x80066250,500
0x80066450,308
0x80066590,1832
0x80066cd0,12
0x80066dd0,156
0x80066e70,112
0x80066ee0,8
0x80066f70,44
0x80066fa0,120
0x80067020,156
0x80067180,104
0x800671f0,204
0x80067380,8
0x80067390,8
0x800673a0,8
0x800673b0,8
0x80067410,68
0x80067460,400
0x800676d0,296
0x80067800,336
0x80067950,124
0x800679d0,320
0x80067b10,540
0x80067d30,872
0x800680a0,1084
0x800684e0,1684
0x80068b80,1664
0x80069200,1476
0x800697d0,508
0x800699d0,108
0x80069a70,124
0x80069af0,328
0x80069c40,288
0x80069d70,92
0x80069e90,72
0x80069ee0,1604
0x8006a530,712
0x8006a810,208
0x8006a8f0,76
0x8006a940,64
0x8006a980,1132
0x8006adf0,404
0x8006af90,308
0x8006b0d0,656
0x8006b360,96
0x8006b3f0,112
0x8006b460,148
0x8006b500,136
0x8006b590,136
0x8006b640,156
0x8006b6e0,8
0x8006b6f0,12
0x8006b700,8
0x8006b720,8
0x8006b730,12
0x8006b770,8
0x8006b780,8
0x8006b790,8
0x8006b7a0,116
0x8006b820,124
0x8006b8a0,236
0x8006b990,1936
0x8006c120,324
0x8006c270,480
0x8006c450,8
0x8006c460,8
0x8006c470,16
0x8006c480,84
0x8006c4e0,408
0x8006c680,312
0x8006c7c0,240
0x8006c8b0,424
0x8006ca60,72
0x8006cab0,828
0x8006cdf0,20
0x8006ce10,8
0x8006ce20,196
0x8006cef0,112
0x8006cf60,1440
0x8006d500,460
0x8006d6d0,188
0x8006d790,124
0x8006d820,20
0x8006d840,744
0x8006db30,144
0x8006dbc0,16
0x8006dbd0,1036
0x8006dfe0,780
0x8006e300,2120
0x8006eb50,124
0x8006ebf0,152
0x8006ec90,64
0x8006ed40,492
0x8006ef30,332
0x8006f080,188
0x8006f140,212
0x8006f220,172
0x8006f2d0,856
0x8006f630,1536
0x8006fc30,2600
0x80070680,880
0x80070a80,116
0x80070b20,208
0x80070bf0,216
0x80070cd0,604
0x80070f30,1228
0x80071400,224
0x800714e0,180
0x800715a0,1560
0x80071bc0,304
0x80071d00,184
0x80071dc0,4
0x80071dd0,8
0x80071de0,4
0x80071fe0,60
0x80072020,128
0x800720a0,8
0x80072190,1164
0x80072620,468
0x80072800,12
0x80072810,280
0x80072930,184
0x800729f0,224
0x80072ad0,2012
0x800732b0,68
0x80073300,284
0x80073420,284
0x80073540,220
0x80073620,544
0x80073870,344
0x800739d0,400
0x80073b70,216
0x80073c60,448
0x80073e20,300
0x80073f70,1324
0x800744c0,164
0x80074570,1272
0x80074c70,392
0x80074e00,420
0x80074fb0,656
0x80075240,340
0x800753a0,656
0x80075630,96
0x80075690,96
0x800756f0,192
0x800757b0,196
0x80075880,68
0x800758d0,260
0x800759e0,1252
0x80075ed0,76
0x80075f20,76
0x80075f70,76
0x80075fc0,76
0x80076010,76
0x80076060,64
0x800760a0,76
0x80076100,48
0x80076170,56
0x800761b0,32
0x80076320,28
0x80076340,64
0x80076380,176
0x80076430,452
0x80076600,520
0x800768b0,188
0x80076970,104
0x800769e0,44
0x80076a10,196
0x80076af0,160
0x80076b90,44
0x80076bc0,420
0x80076db0,104
0x80076e30,104
0x80076eb0,120
0x80076f30,8
0x80076f40,340
0x800770a0,64
0x800770e0,64
0x80077120,36
0x80077170,656
0x80077410,8
0x80077450,284
0x80077570,120
0x800775f0,208
0x800776c0,300
0x80077800,388
0x80077990,256
0x80077a90,12
0x80077aa0,8
0x80077c20,8
0x80077c40,8
0x80077c50,252
0x80077d50,248
0x80077e50,108
0x80077ec0,180
0x80077f80,156
0x80078020,168
0x800780d0,96
0x80078130,432
0x800782e0,20
0x80078300,28
0x80078320,16
0x80078330,4
0x80078340,8
0x80078350,156
0x800783f0,96
0x80078450,16
0x80078460,568
0x800786a0,16
0x800786b0,4
0x800786c0,100
0x80078730,44
0x80078760,160
0x80078840,36
0x80078870,32
0x80078890,620
0x80078b00,44
0x80078b30,188
0x80078bf0,164
0x80078ca0,212
0x80078d80,84
0x80078de0,48
0x80078e10,216
0x80078ef0,48
0x80078f20,228
0x80079010,140
0x800790a0,152
0x80079140,28
0x80079160,48
0x80079190,28
0x800791b0,408
0x80079350,100
0x800793c0,576
0x80079600,316
0x80079740,500
0x80079940,136
0x800799d0,4
0x800799e0,452
0x80079bb0,288
0x80079cd0,4
0x80079ce0,16
0x80079cf0,16
0x80079d00,288
0x80079e20,112
0x80079e90,48
0x80079ec0,60
0x80079f00,36
0x80079f30,36
0x80079f60,52
0x80079fa0,36
0x80079fd0,84
0x8007a030,4
0x8007a040,36
0x8007a070,440
0x8007a230,268
0x8007a340,688
0x8007a5f0,108
0x8007a660,76
0x8007a6b0,68
0x8007a700,12
0x8007a710,2312
0x8007b020,360
0x8007b190,132
0x8007b220,1284
0x8007b730,512
0x8007b930,304
0x8007ba60,620
0x8007bcd0,7608
0x8007da90,524
0x8007dca0,668
0x8007df40,228
0x8007e030,36
0x8007e060,204
0x8007e170,2364
0x8007eab0,2260
0x8007f390,700
0x8007f650,3660
0x800804a0,2764
0x80080f70,4736
0x800821f0,620
0x80082460,176
0x80082510,28
0x80082530,292
0x80082660,184
0x80082720,488
0x80082910,80
0x80082960,240
0x80082a50,452
0x80082c20,12
0x80082c30,56
0x80082c70,140
0x80082d00,328
0x80082e50,256
0x80082f50,188
0x80083010,480
0x800831f0,728
0x800834d0,52
0x80083510,220
0x800835f0,328
0x80083740,84
0x800837a0,124
0x80083840,112
0x800838b0,60
0x800838f0,88
0x80083950,112
0x800839c0,64
0x80083a30,44
0x80083a60,44
0x80083a90,40
0x80083ac0,52
0x80083b00,20
0x80083b20,80
0x80083b70,136
0x80083c00,248
0x80083d00,148
0x80083da0,104
0x80083e10,60
0x80083e50,228
0x80083f40,1376
0x800844a0,304
0x800845d0,408
0x80084770,320
0x800848b0,124
0x80084930,64
0x80084970,260
0x80084a80,168
0x80084b30,200
0x80084c00,52
0x80084c40,124
0x80084cc0,416
0x80084e60,64
0x80084ea0,296
0x80084fd0,772
0x800852e0,328
0x80085540,108
0x800855b0,420
0x80085760,508
0x80085960,280
0x80085a80,520
0x80085ca0,4496
0x80086e30,176
0x80086ee0,1688
0x80087580,20
0x800875a0,32
0x800875c0,88
0x80087620,144
0x800876b0,340
0x80087810,132
0x800878a0,84
0x80087900,436
0x80087ac0,3612
0x80088900,128
0x80088980,20
0x800889a0,120
0x80088a20,52
0x80088a70,76
0x80088ac0,272
0x80088bd0,280
0x80088cf0,308
0x80088e30,80
0x80088e80,348
0x80089080,172
0x80089130,184
0x800891f0,768
0x800894f0,132
0x80089580,328
0x800896d0,140
0x80089760,180
0x80089840,144
0x800898f0,160
0x80089990,52
0x800899d0,120
0x80089a50,184
0x80089b10,264
0x80089c20,224
0x80089d20,296
0x80089e50,208
0x80089f20,76
0x80089f70,368
0x8008a170,220
0x8008a280,64
0x8008a2c0,16
0x8008a2e0,692
0x8008a5a0,316
0x8008a7d0,1812
0x8008aef0,1092
0x8008b340,124
0x8008b3c0,76
0x8008b410,104
0x8008b480,200
0x8008b550,64
0x8008b590,360
0x8008b730,528
0x8008b940,324
0x8008ba90,252
0x8008bb90,164
0x8008bc40,148
0x8008bd70,472
0x8008bf50,144
0x8008bfe0,144
0x8008c070,268
0x8008c180,1572
0x8008c7b0,1832
0x8008cee0,3600
0x8008dd60,124
0x8008dde0,104
0x8008de50,448
0x8008e010,116
0x8008e1b0,908
0x8008e540,64
0x8008e580,8
0x8008e590,8
0x8008e5a0,2384
0x8008eef0,68
0x8008ef40,336
0x8008f090,384
0x8008f210,8
0x8008f220,8
0x8008f230,208
0x8008f300,100
0x8008f370,100
0x8008f3e0,100
0x8008f450,8
0x8008f460,8
0x8008f470,316
0x8008f5b0,12
0x8008f5c0,8
0x8008f5d0,8
0x8008f5e0,16
0x8008f5f0,16
0x8008f600,8
0x8008f610,8
0x8008f620,644
0x8008f8b0,764
0x8008fbb0,164
0x8008fc60,132
0x8008fcf0,72
0x8008fd40,44
0x8008fd70,24
0x8008fd90,112
0x8008fe00,108
0x8008fe70,32
0x8008fe90,76
0x8008fee0,60
0x8008ff20,88
0x8008ff80,328
0x800900d0,264
0x800901e0,68
0x80090230,64
0x80090270,12
0x80090390,152
0x80090440,68
0x80090490,236
0x80090590,164
0x80090650,204
0x80090720,260
0x80090830,16
0x80090840,64
0x80090880,348
0x800909e0,564
0x80090c20,112
0x80090c90,248
0x80090d90,16
0x80090da0,64
0x80090de0,348
0x80090f40,564
0x80091180,112
0x800911f0,248
0x800912f0,92
0x80091350,88
0x800913b0,160
0x80091450,140
0x80091530,8
0x80091590,504
0x80091790,504
0x80091990,464
0x80091b60,368
0x80091cd0,320
0x80091e10,336
0x80091f60,320
0x800920a0,336
0x800921f0,272
0x80092300,304
0x80092430,552
0x80092660,452
0x80092830,340
0x80092990,368
0x80092b80,360
0x80092cf0,988
0x800930d0,276
0x800931f0,1452
0x800937a0,1260
0x80093cb0,92
0x80093d10,88
0x80093d70,160
0x80093e10,140
0x80093ea0,8
0x80093eb0,8
0x80093ed0,8
0x80093ef0,8
0x80093f20,8
0x80093f40,8
0x80093f50,504
0x80094150,504
0x80094350,464
0x80094520,368
0x80094690,320
0x800947d0,336
0x80094920,320
0x80094a60,336
0x80094bb0,272
0x80094cc0,304
0x80094df0,552
0x80095020,452
0x800951f0,340
0x80095350,368
0x80095540,360
0x800956b0,1012
0x80095ab0,280
0x80095bd0,1488
0x800961a0,1260
0x800966b0,164
0x80096760,160
0x80096800,512
0x80096a00,24
0x80096a20,12
0x80096a30,2376
0x80097380,44
0x800973b0,56
0x800973f0,56
0x80097430,128
0x800974b0,56
0x800974f0,2808
0x80097ff0,88
0x80098050,20
0x80098070,40
0x800980a0,44
0x800980d0,140
0x80098160,216
0x80098240,24
0x80098260,108
0x800982d0,392
0x80098460,168
0x80098510,80
0x80098560,12
0x80098570,220
0x80098650,556
0x80098880,284
0x800989a0,104
0x80098a10,716
0x80098ce0,268
0x80098df0,40
0x80098e20,24
0x80098e40,20
0x80098e60,36
0x80098e90,160
0x80098f30,272
0x80099040,104
0x800990b0,156
0x80099150,92
0x800991b0,532
0x800993d0,272
0x800994e0,272
0x800995f0,48
0x80099630,164
0x800996e0,12
0x800996f0,240
0x800997e0,284
0x80099900,136
0x80099990,40
0x800999c0,24
0x800999e0,1152
0x80099e70,144
0x80099f00,152
0x80099fa0,316
0x8009a0f0,8
0x8009a100,8
0x8009a110,28
0x8009a130,916
0x8009a4d0,160
0x8009a570,392
0x8009a700,548
0x8009a930,20
0x8009a950,20
0x8009a970,16
0x8009a980,28
0x8009a9a0,28
0x8009a9c0,28
0x8009a9e0,28
0x8009aa00,12
0x8009aa10,8
0x8009aa20,136
0x8009aab0,36
0x8009aae0,28
0x8009ab00,28
0x8009ab20,28
0x8009ab40,40
0x8009ab70,32
0x8009ab90,32
0x8009abb0,12
0x8009abc0,276
0x8009ace0,376
0x8009ae60,284
0x8009af90,232
0x8009b080,160
0x8009b120,108
0x8009b190,148
0x8009b230,388
0x8009b3c0,364
0x8009b530,292
0x8009b660,364
0x8009b7d0,292
0x8009b900,364
0x8009ba70,292
0x8009bba0,108
0x8009bc10,72
0x8009bc60,124
0x8009bce0,68
0x8009bd30,4
0x8009bd40,80
0x8009bd90,116
0x8009be10,632
0x8009c090,604
0x8009c2f0,596
0x8009c550,840
0x8009c8a0,536
0x8009cac0,636
0x8009cd40,404
0x8009cee0,344
0x8009d040,396
0x8009d1d0,336
0x8009d320,376
0x8009d4a0,352
0x8009d600,220
0x8009d6e0,108
0x8009d750,876
0x8009dac0,76
0x8009db10,8
0x8009db20,20
0x8009db40,44
0x8009db70,764
0x8009de70,12
0x8009de80,12
0x8009de90,196
0x8009df60,192
0x8009e020,1152
0x8009e4a0,616
0x8009e710,1800
0x8009ee20,1488
0x8009f3f0,288
0x8009f510,732
0x8009f7f0,48
0x8009f820,76
0x8009f870,36
0x8009f8a0,280
0x8009f9c0,4212
0x800a0a40,508
0x800a0c40,528
0x800a0e50,568
0x800a1090,1312
0x800a15b0,2048
0x800a1db0,496
0x800a1fa0,84
0x800a2000,64
0x800a2040,116
0x800a20c0,1216
0x800a2580,48
0x800a25b0,52
0x800a25f0,100
0x800a2660,112
0x800a26d0,304
0x800a2800,272
0x800a2910,196
0x800a29e0,364
0x800a2b50,420
0x800a2d00,80
0x800a2d50,80
0x800a2da0,420
0x800a2f50,96
0x800a2fb0,164
0x800a3060,60
0x800a30a0,56
0x800a30e0,192
0x800a31a0,88
0x800a3200,112
0x800a3270,240
0x800a3360,420
0x800a3510,424
0x800a36c0,236
0x800a37b0,8
0x800a37c0,188
0x800a3880,156
0x800a3920,260
0x800a3a30,144
0x800a3ac0,24
0x800a3ae0,1124
0x800a3f50,44
0x800a3f80,376
0x800a4100,308
0x800a4240,260
0x800a4350,8
0x800a4360,188
0x800a4420,268
0x800a4530,172
0x800a45e0,172
0x800a4690,980
0x800a4a70,260
0x800a4b80,92
0x800a4be0,104
0x800a4c50,8
0x800a4c60,608
0x800a4ec0,192
0x800a4f80,132
0x800a5010,120
0x800a50a0,100
0x800a5110,96
0x800a5170,308
0x800a52d0,260
0x800a53e0,244
0x800a54e0,136
0x800a5570,200
0x800a5640,132
0x800a56d0,1068
0x800a5b30,8
0x800a5b60,160
0x800a5c00,216
0x800a5ce0,112
0x800a5d50,244
0x800a5e50,136
0x800a5ee0,12
0x800a5ef0,264
0x800a6000,72
0x800a6050,100
0x800a60c0,112
0x800a6130,292
0x800a6260,156
0x800a6300,232
0x800a63f0,160
0x800a6490,132
0x800a6520,136
0x800a65b0,68
0x800a6600,384
0x800a6880,300
0x800a69b0,88
0x800a6a10,64
0x800a6a50,132
0x800a6af0,232
0x800a6be0,168
0x800a6c90,200
0x800a6d60,736
0x800a7040,368
0x800a71b0,732
0x800a7490,1908
0x800a7c10,252
0x800a7d10,1104
0x800a8160,436
0x800a8320,136
0x800a83b0,276
0x800a84d0,472
0x800a86b0,572
0x800a88f0,336
0x800a8a40,272
0x800a8b70,72
0x800a8bc0,228
0x800a8cb0,4792
0x800a9f90,4012
0x800aaf60,4280
0x800ac040,1484
0x800ac620,356
0x800ac790,3468
0x800ad520,840
0x800ad870,844
0x800adbc0,284
0x800adce0,224
0x800addc0,200
0x800ade90,260
0x800adfa0,232
0x800ae090,168
0x800ae140,1172
0x800ae5e0,1436
0x800aeb80,1412
0x800af110,1600
0x800af750,2024
0x800aff40,1628
0x800b05a0,1032
0x800b09b0,2208
0x800b1260,64
0x800b12c0,792
0x800b15e0,2096
0x800b1e10,564
0x800b2050,88
0x800b20d0,164
0x800b2180,176
0x800b2230,336
0x800b2380,64
0x800b23c0,300
0x800b24f0,5456
0x800b3a40,592
0x800b3c90,220
0x800b3d70,108
0x800b3de0,64
0x800b3e30,248
0x800b3f30,4
0x800b3f40,1052
0x800b4380,12
0x800b4390,352
0x800b4500,184
0x800b45c0,148
0x800b4660,140
0x800b46f0,184
0x800b47b0,124
0x800b4830,180
0x800b48f0,164
0x800b49a0,124
0x800b4a20,288
0x800b4b40,252
0x800b4c40,576
0x800b4e80,160
0x800b4f20,160
0x800b4fc0,80
0x800b5010,132
0x800b50a0,260
0x800b51b0,276
0x800b52d0,364
0x800b5440,28
0x800b5460,1232
0x800b5930,100
0x800b59a0,116
0x800b5a20,120
0x800b5aa0,332
0x800b5bf0,376
0x800b5d70,128
0x800b5df0,136
0x800b5e80,168
0x800b5f30,88
0x800b5f90,16
0x800b5fa0,40
0x800b5fd0,64
0x800b6010,1216
0x800b64d0,212
0x800b65b0,12
0x800b65c0,380
0x800b6740,384
0x800b68c0,308
0x800b6ae0,840
0x800b6e30,824
0x800b7170,1332
0x800b76b0,2132
0x800b7f10,1120
0x800b8370,848
0x800b86c0,1596
0x800b8d00,816
0x800b9030,6316
0x800ba8e0,416
0x800baa80,172
0x800bab30,224
0x800bac10,748
0x800baf00,928
0x800bb2a0,1484
0x800bb870,1940
0x800bc010,1624
0x800bc7b0,556
0x800bc9e0,64
0x800bcab0,60
0x800bcb30,2548
0x800bd530,2144
0x800bdda0,1980
0x800be560,208
0x800be6b0,216
0x800be790,188
0x800be870,276
0x800be990,628
0x800bec10,64
0x800bec50,60
0x800bec90,312
0x800bedd0,60
0x800bee10,4
0x800bee20,412
0x800befc0,268
0x800bf0d0,8
0x800bf0e0,3392
0x800bfe30,464
0x800c0000,60
0x800c0040,112
0x800c00b0,32
0x800c00d0,8
0x800c00e0,12
0x800c00f0,28
0x800c0110,116
0x800c0190,76
0x800c01e0,80
0x800c0230,868
0x800c05a0,68
0x800c05f0,504
0x800c07f0,60
0x800c0830,1588
0x800c0e70,188
0x800c1000,64
0x800c1040,60
0x800c1080,312
0x800c11c0,2148
0x800c1a30,64
0x800c1a70,60
0x800c1ab0,1452
0x800c2060,64
0x800c20a0,60
0x800c20e0,1048
0x800c2500,64
0x800c2540,60
0x800c2580,820
0x800c28c0,8
0x800c28d0,12
0x800c28e0,24
0x800c2900,1092
0x800c2d50,4
0x800c2d60,1108
0x800c31c0,996
0x800c35b0,696
0x800c3870,828
0x800c3bb0,952
0x800c3f70,1964
0x800c4720,2208
0x800c4fd0,684
0x800c5350,284
0x800c5470,628
0x800c56f0,700
0x800c59c0,568
0x800c5c00,64
0x800c5c40,60
0x800c5c80,928
0x800c6020,1108
0x800c6480,676
0x800c6730,588
0x800c6980,2772
0x800c7460,4
0x800c7470,836
0x800c77c0,12
0x800c77d0,12
0x800c77e0,4
0x800c77f0,1048
0x800c7c10,1180
0x800c80b0,72
0x800c8100,56
0x800c8140,60
0x800c8180,756
0x800c8480,936
0x800c8830,1472
0x800c8e00,1992
0x800c95d0,2580
0x800c9ff0,684
0x800ca370,284
0x800ca490,628
0x800ca710,700
0x800ca9e0,568
0x800cac20,64
0x800cacf0,80
0x800cad40,40
0x800cad70,88
0x800cadd0,44
0x800cae00,64
0x800cae40,84
0x800caea0,216
0x800caf80,212
0x800cb060,124
0x800cb0e0,104
0x800cb150,112
0x800cb1c0,108
0x800cb230,152
0x800cb2d0,108
0x800cb340,108
0x800cb3b0,116
0x800cb430,152
0x800cb4d0,108
0x800cb540,108
0x800cb5b0,116
0x800cb630,152
0x800cb6d0,152
0x800cb770,108
0x800cb7e0,108
0x800cb850,152
0x800cb8f0,108
0x800cb960,108
0x800cb9d0,152
0x800cba70,108
0x800cbae0,108
0x800cbb50,152
0x800cbbf0,108
0x800cbc60,108
0x800cbcd0,152
0x800cbd70,108
0x800cbde0,108
0x800cbe50,152
0x800cbef0,108
0x800cbf60,108
0x800cbfd0,152
0x800cc070,108
0x800cc0e0,152
0x800cc180,108
0x800cc1f0,108
0x800cc260,152
0x800cc300,108
0x800cc370,76
0x800cc3c0,564
0x800cc600,512
0x800cc800,708
0x800ccad0,288
0x800ccc30,68
0x800ccc80,68
0x800cccd0,80
0x800ccd20,84
0x800ccd80,84
0x800ccde0,52
0x800cce20,80
0x800cce70,84
0x800cced0,84
0x800ccf30,52
0x800ccf70,80
0x800ccfc0,84
0x800cd020,84
0x800cd080,52
0x800cd0c0,80
0x800cd110,84
0x800cd170,84
0x800cd1d0,52
0x800cd210,84
0x800cd270,84
0x800cd2d0,68
0x800cd320,80
0x800cd370,84
0x800cd3d0,84
0x800cd430,52
0x800cd470,84
0x800cd4d0,84
0x800cd530,52
0x800cd570,268
0x800cd680,232
0x800cd770,1432
0x800cdd10,232
0x800cdf80,72
0x800cdfd0,92
0x800ce030,100
0x800ce0a0,92
0x800ce100,908
0x800ce490,616
0x800ce700,216
0x800ce7e0,100
0x800ce850,144
0x800ce8e0,168
0x800ce990,140
0x800cea20,140
0x800ceab0,204
0x800ceb80,284
0x800ceca0,140
0x800ced30,168
0x800cede0,68
0x800cee30,236
0x800cef20,88
0x800cef80,100
0x800ceff0,24
0x800cf010,32
0x800cf030,28
0x800cf050,28
0x800cf070,28
0x800cf090,28
0x800cf0b0,48
0x800cf0e0,48
0x800cf110,60
0x800cf150,60
0x800cf190,60
0x800cf1d0,60
0x800cf210,44
0x800cf240,44
0x800cf270,60
0x800cf2b0,44
0x800cf2e0,44
0x800cf310,136
0x800cf3a0,44
0x800cf3d0,44
0x800cf400,60
0x800cf440,136
0x800cf4d0,212
0x800cf5b0,124
0x800cf630,80
0x800cf680,120
0x800cf760,20
0x800cf780,20
0x800cf7a0,20
0x800cf7c0,52
0x800cf800,28
0x800cf820,40
0x800cf850,32
0x800cf890,32
0x800cf8b0,68
0x800cf900,60
0x800cf940,184
0x800cfa50,164
0x800cfb00,176
0x800cfbb0,188
0x800cfc70,148
0x800cfd10,184
0x800cfdd0,132
0x800cfe60,52
0x800cfea0,696
0x800d0160,488
0x800d0350,360
0x800d04c0,84
0x800d0520,84
0x800d0580,56
0x800d05c0,56
0x800d0600,192
0x800d06c0,92
0x800d0720,208
0x800d07f0,428
0x800d09a0,500
0x800d0ba0,24
0x800d0bc0,200
0x800d0c90,160
0x800d0d30,36
0x800d0d60,32
0x800d0d80,32
0x800d0dc0,700
0x800d1080,12
0x800d1090,48
0x800d10d0,64
0x800d1110,92
0x800d1170,48
0x800d11b0,64
0x800d11f0,92
0x800d1250,60
0x800d1290,64
0x800d12d0,92
0x800d1330,64
0x800d1370,112
0x800d13f0,24
0x800d1410,24
0x800d1430,24
0x800d1450,24
0x800d1470,24
0x800d1490,24
0x800d14b0,24
0x800d1510,188
0x800d15d0,188
0x800d1690,12
0x800d16c0,412
0x800d1860,360
0x800d1ba0,452
0x800d1d70,444
0x800d1f30,1448
0x800d2500,324
0x800d2650,264
0x800d2760,288
0x800d2880,364
0x800d29f0,196
0x800d2ac0,392
0x800d2c50,368
0x800d2dc0,416
0x800d2f60,1044
0x800d3380,680
0x800d3630,316
0x800d3770,396
0x800d3900,528
0x800d3b10,2756
0x800d45e0,608
0x800d4840,24
0x800d4860,140
0x800d48f0,108
0x800d4960,64
0x800d49a0,168
0x800d4a50,156
0x800d4af0,152
0x800d4b90,184
0x800d4c50,128
0x800d4cd0,320
0x800d4e10,364
0x800d4f80,56
0x800d4fc0,208
0x800d5090,1000
0x800d5480,352
0x800d55e0,784
0x800d58f0,96
0x800d5950,96
0x800d59b0,128
0x800d5a30,136
0x800d5ac0,172
0x800d5b70,128
0x800d5bf0,136
0x800d5c80,172
0x800d5d30,128
0x800d5db0,172
0x800d5e60,128
0x800d5ee0,172
0x800d5f90,128
0x800d6010,76
0x800d6060,76
0x800d60b0,76
0x800d6100,76
0x800d6150,76
0x800d61a0,364
0x800d6310,328
0x800d6460,360
0x800d65d0,228
0x800d66c0,264
0x800d67d0,260
0x800d68e0,60
0x800d6980,64
0x800d69c0,336
0x800d6b10,100
0x800d6bb0,132
0x800d6c40,260
0x800d6d90,188
0x800d6e50,140
0x800d6fa0,48
0x800d6fe0,68
0x800d7030,48
0x800d7070,28
0x800d7090,60
0x800d7100,64
0x800d7140,496
0x800d7330,192
0x800d7400,180
0x800d74d0,224
0x800d75b0,248
0x800d76b0,116
0x800d7780,980
0x800d7c20,48
0x800d7c60,68
0x800d7cb0,48
0x800d7cf0,28
0x800d7d10,60
0x800d7d80,64
0x800d7dc0,496
0x800d7fb0,192
0x800d8080,180
0x800d8150,224
0x800d8230,248
0x800d8330,120
0x800d8400,500
0x800d86c0,48
0x800d8700,68
0x800d8750,48
0x800d8790,28
0x800d87b0,60
0x800d8820,64
0x800d8860,496
0x800d8a50,192
0x800d8b20,180
0x800d8bf0,224
0x800d8cd0,248
0x800d8dd0,120
0x800d8ea0,156
0x800d8f40,428
0x800d91b0,48
0x800d91f0,68
0x800d9240,48
0x800d9280,60
0x800d9310,64
0x800d9350,100
0x800d93c0,236
0x800d94b0,280
0x800d95d0,96
0x800d9630,120
0x800d96b0,136
0x800d97a0,136
0x800d9890,240
0x800d9990,256
0x800d9aa0,184
0x800d9b60,316
0x800d9d30,372
0x800d9eb0,1600
0x800da510,496
0x800da700,192
0x800da7d0,180
0x800da8a0,224
0x800da980,260
0x800daa90,500
0x800dac90,456
0x800dae60,116
0x800daff0,48
0x800db030,68
0x800db170,48
0x800db1b0,104
0x800db220,48
0x800db260,48
0x800db2a0,28
0x800db2c0,60
0x800db350,64
0x800db390,100
0x800db400,236
0x800db4f0,280
0x800db610,96
0x800db670,120
0x800db6f0,136
0x800db7e0,136
0x800db8d0,240
0x800db9d0,184
0x800dbb10,372
0x800dbc90,752
0x800dbfb0,576
0x800dc1f0,196
0x800dc2d0,184
0x800dc3a0,228
0x800dc490,436
0x800dc650,120
0x800dc7e0,48
0x800dc820,68
0x800dc960,48
0x800dc9a0,104
0x800dca10,48
0x800dca50,48
0x800dca90,568
0x800dccd0,808
0x800dd020,60
0x800dd060,132
0x800dd0f0,136
0x800dd180,112
0x800dd1f0,96
0x800dd250,112
0x800dd310,112
0x800dd3d0,244
0x800dd4d0,144
0x800dd560,108
0x800dd5e0,108
0x800dd660,108
0x800dd6e0,108
0x800dd760,108
0x800dd7e0,108
0x800dd860,140
0x800dd900,140
0x800dd9a0,140
0x800dda40,140
0x800ddae0,140
0x800ddb80,164
0x800ddc30,152
0x800ddcd0,192
0x800ddd90,160
0x800dde30,156
0x800dded0,156
0x800ddf70,156
0x800de010,164
0x800de0c0,156
0x800de160,156
0x800de200,156
0x800de2a0,404
0x800de440,252
0x800de540,64
0x800de580,88
0x800de630,120
0x800de700,312
0x800de840,104
0x800de8b0,376
0x800dea30,168
0x800deae0,340
0x800dec40,148
0x800dece0,140
0x800ded70,140
0x800dee00,140
0x800dee90,56
0x800deed0,68
0x800def20,372
0x800df130,48
0x800df230,48
0x800df270,136
0x800df300,48
0x800df340,48
0x800df380,76
0x800df3d0,120
0x800df450,48
0x800df4a0,112
0x800df510,40
0x800df540,24
0x800df560,128
0x800df5e0,48
0x800df610,112
0x800df680,668
0x800df920,92
0x800df980,124
0x800dfa00,128
0x800dfa80,220
0x800dfb60,204
0x800dfc30,132
0x800dfcc0,984
0x800e00a0,272
0x800e01b0,1088
0x800e0600,112
0x800e0670,64
0x800e06c0,244
0x800e07c0,1044
0x800e0bf0,152
0x800e0c90,112
0x800e0d00,616
0x800e0f70,340
0x800e10d0,460
0x800e12a0,528
0x800e14b0,168
0x800e1560,168
0x800e1610,180
0x800e16d0,464
0x800e18a0,1556
0x800e1ec0,144
0x800e1f50,684
0x800e2200,420
0x800e23b0,752
0x800e26a0,136
0x800e2730,136
0x800e27c0,64
0x800e2800,8
0x800e2810,156
0x800e28b0,184
0x800e2970,16
0x800e2980,40
0x800e29b0,92
0x800e2a10,136
0x800e2aa0,164
0x800e2b50,28
0x800e2b70,212
0x800e2c50,12
0x800e2c60,364
0x800e2dd0,348
0x800e2f30,80
0x800e30f0,624
0x800e3360,1172
0x800e3800,2212
0x800e40b0,192
0x800e4170,216
0x800e4250,608
0x800e44b0,872
0x800e4820,780
0x800e4b30,1032
0x800e4f40,772
0x800e5250,820
0x800e5590,828
0x800e58d0,1244
0x800e5db0,1436
0x800e6350,136
0x800e63e0,84
0x800e6440,12
0x800e6450,16
0x800e6460,12
0x800e6470,12
0x800e6480,12
0x800e6490,12
0x800e64a0,128
0x800e6520,1476
0x800e6af0,1256
0x800e6fe0,1308
0x800e7500,456
0x800e76d0,320
0x800e7810,452
0x800e79e0,272
0x800e7af0,352
0x800e7c50,356
0x800e7dc0,552
0x800e80a0,1468
0x800e8660,1468
0x800e8c20,608
0x800e8e80,8
0x800e8e90,80
0x800e8ee0,284
0x800e9030,52
0x800e9070,48
0x800e90e0,540
0x800e9300,180
0x800e93c0,72
0x800e9410,56
0x800e9450,64
0x800e9490,64
0x800e94d0,32
0x800e94f0,156
0x800e9590,24
0x800e95b0,112
0x800e9620,80
0x800e9670,476
0x800e9850,96
0x800e98b0,220
0x800e9990,208
0x800e9a60,128
0x800e9ae0,132
0x800e9b70,200
0x800e9c40,32
0x800e9c70,24
0x800e9c90,1052
0x800ea0b0,348
0x800ea210,360
0x800ea3c0,148
0x800ea4a0,188
0x800ea560,176
0x800ea660,220
0x800ea7c0,304
0x800ea920,404
0x800eaac0,336
0x800eaca0,424
0x800eae50,156
0x800eaef0,404
0x800eb0d0,136
0x800eb1a0,160
0x800eb240,200
0x800eb360,200
0x800eb4b0,272
0x800eb5f0,316
0x800eb730,300
0x800eb8f0,348
0x800eba50,156
0x800ebaf0,436
0x800ebd00,172
0x800ebdf0,180
0x800ebeb0,204
0x800ebfe0,204
0x800ec130,292
0x800ec290,324
0x800ec3e0,320
0x800ec5c0,356
0x800ec730,156
0x800ec7d0,168
0x800ec880,20
0x800ec8a0,236
0x800ec990,128
0x800ecc80,140
0x800ecd10,76
0x800ecd80,128
0x800ece10,96
0x800ece70,56
0x800ecf40,244
0x800ed040,64
0x800ed080,732
0x800ed360,188
0x800ed420,312
0x800ed560,280
0x800ed6c0,1120
0x800edb30,396
0x800edcc0,188
0x800edd80,132
0x800ede10,112
0x800ede80,184
0x800edfd0,48
0x800ee060,48
0x800ee0a0,132
0x800ee130,48
0x800ee170,312
0x800ee2b0,168
0x800ee360,92
0x800ee3c0,60
0x800ee400,8
0x800ee410,92
0x800ee4c0,156
0x800ee560,108
0x800ee5d0,104
0x800ee640,564
0x800ee880,392
0x800eea10,76
0x800eea60,28
0x800eea80,28
0x800eeaa0,120
0x800eeb20,236
0x800eec10,96
0x800eec70,116
0x800eecf0,116
0x800eed70,44
0x800eeda0,252
0x800eeea0,124
0x800eef20,288
0x800ef040,96
0x800ef120,896
0x800ef4a0,896
0x800ef820,256
0x800ef920,96
0x800ef980,144
0x800efa10,144
0x800efaa0,100
0x800efb10,136
0x800efba0,136
0x800efc50,64
0x800efd00,48
0x800efd40,600
0x800effa0,52
0x800effe0,844
0x800f0330,2192
0x800f0c40,224
0x800f0d20,1552
0x800f1330,376
0x800f14b0,224
0x800f1650,184
0x800f1710,64
0x800f1750,64
0x800f1790,36
0x800f17c0,52
0x800f1800,52
0x800f1840,536
0x800f1a60,288
0x800f1bf0,48
0x800f1d70,72
0x800f1dc0,96
0x800f1e20,96
0x800f1e80,96
0x800f1ee0,96
0x800f1f40,96
0x800f1fa0,116
0x800f2020,120
0x800f20a0,120
0x800f2120,104
0x800f2190,640
0x800f2410,128
0x800f2490,208
0x800f2560,188
0x800f2620,2952
0x800f31b0,1404
0x800f3730,1200
0x800f3c60,924
0x800f4000,820
0x800f4340,356
0x800f44b0,504
0x800f46b0,80
0x800f4740,104
0x800f4830,48
0x800f4870,444
0x800f4a30,228
0x800f4b20,336
0x800f4c70,308
0x800f4db0,132
0x800f4e40,736
0x800f5120,124
0x800f5210,48
0x800f5250,564
0x800f5490,240
0x800f5580,8
0x800f5590,272
0x800f56a0,256
0x800f5810,48
0x800f5850,64
0x800f5890,8
0x800f58a0,112
0x800f5910,84
0x800f5970,28
0x800f5990,112
0x800f5a00,76
0x800f5a50,20
0x800f5a70,48
0x800f5aa0,60
0x800f5ae0,64
0x800f5b20,64
0x800f5b60,64
0x800f5ba0,64
0x800f5be0,64
0x800f5c20,64
0x800f5c60,96
0x800f5cc0,24
0x800f5ce0,24
0x800f5d20,1020
0x800f6120,348
0x800f6280,288
0x800f6450,112
0x800f64c0,104
0x800f6530,1920
0x800f6cc0,528
0x800f6ef0,88
0x800f6f50,100
0x800f6fc0,120
0x800f7040,296
0x800f7170,108
0x800f71e0,972
0x800f75b0,8
0x800f75c0,108
0x800f7630,88
0x800f7690,260
0x800f77a0,8
0x800f77b0,204
0x800f7880,344
0x800f79e0,496
0x800f7bd0,348
0x800f7d30,244
0x800f7e30,988
0x800f8210,200
0x800f82e0,296
0x800f8450,68
0x800f84a0,64
0x800f84e0,128
0x800f8560,320
0x800f86a0,284
0x800f87c0,296
0x800f88f0,152
0x800f8990,500
0x800f8b90,152
0x800f8c30,424
0x800f8de0,92
0x800f8e40,100
0x800f8eb0,16
0x800f8ed0,96
0x800f8f30,96
0x800f8f90,340
0x800f90f0,948
0x800f94b0,224
0x800f9590,328
0x800f96e0,292
0x800f9810,216
0x800f98f0,1616
0x800f9f40,136
0x800f9fd0,460
0x800fa1a0,288
0x800fa2c0,400
0x800fa450,548
0x800fa680,400
0x800fa810,316
0x800fa950,428
0x800fab00,44
0x800fab30,632
0x800fadb0,224
0x800fae90,492
0x800fb080,388
0x800fb210,140
0x800fb2a0,132
0x800fb330,12
0x800fb340,188
0x800fb400,696
0x800fb6c0,204
0x800fb790,148
0x800fb830,360
0x800fb9a0,104
0x800fba10,68
0x800fba60,84
0x800fbac0,52
0x800fbb00,96
0x800fbba0,56
0x800fbbe0,64
0x800fbc20,504
0x800fbe20,144
0x800fbeb0,268
0x800fbfc0,416
0x800fc160,284
0x800fc280,604
0x800fc4e0,196
0x800fc5b0,184
0x800fc670,8
0x800fc680,16
0x800fc690,16
0x800fc6a0,12
0x800fc6b0,8
0x800fc6c0,16
0x800fc6d0,16
0x800fc6e0,64
0x800fc720,224
0x800fc800,340
0x800fc960,24
0x800fc980,488
0x800fcb70,596
0x800fcdd0,1412
0x800fd360,52
0x800fd3a0,968
0x800fd770,364
0x800fd8e0,8
0x800fd8f0,12
0x800fd900,8
0x800fd910,12
0x800fd920,8
0x800fd930,12
0x800fd940,8
0x800fd950,12
0x800fd960,8
0x800fd970,88
0x800fd9e0,24
0x800fda00,144
0x800fda90,8
0x800fdaa0,8
0x800fdab0,8
0x800fdac0,32
0x800fdae0,8
0x800fdaf0,16
0x800fdb00,64
0x800fdb40,60
0x800fdb80,60
0x800fdbc0,196
0x800fdc90,52
0x800fdcd0,20
0x800fdcf0,20
0x800fdd10,8
0x800fdd20,8
0x800fdd30,64
0x800fdd70,64
0x800fe0d0,64
0x800fe110,64
0x800fe150,64
0x800fe190,64
0x800fe1d0,64
0x800fe210,116
0x800fe290,96
0x800fe2f0,12
0x800fe300,148
0x800fe3a0,84
0x800fe400,272
0x800fe510,1756
0x800febf0,128
0x800fec70,104
0x800fece0,116
0x800fed60,292
0x800fee90,32
0x800feeb0,24
0x800feed0,12
0x800feee0,320
0x800ff020,492
0x800ff210,24
0x800ff230,140
0x800ff2c0,92
0x800ff320,48
0x800ff350,4
0x800ff360,300
0x800ff490,300
0x800ff5c0,76
0x800ff610,140
0x800ff6a0,332
0x800ff7f0,76
0x800ff840,168
0x800ff8f0,184
0x800ff9c0,136
0x800ffa50,136
0x800ffc90,88
0x800ffcf0,68
0x800ffd40,64
0x800ffd80,24
0x800ffda0,44
0x800ffdd0,352
0x800fff30,24
0x800fff50,24
0x800fff70,160
0x80100010,8
0x80100020,160
0x801000e0,156
0x80100180,96
0x801001e0,416
0x80100390,188
0x80100450,72
0x801004a0,196
0x80100570,28
0x80100590,264
0x801006a0,412
0x80100840,240
0x80100930,168
0x801009e0,204
0x80100ab0,548
0x80100cf0,144
0x80100d80,44
0x80100dc0,8
0x80100dd0,180
0x80100e90,100
0x80100f00,420
0x801010b0,88
0x80101110,124
0x80101190,144
0x80101220,84
0x80101290,8
0x801012a0,296
0x801013d0,124
0x80101450,508
0x80101650,160
0x801016f0,112
0x80101760,124
0x801017e0,140
0x80101870,44
0x801018b0,8
0x801018c0,180
0x80101980,100
0x801019f0,492
0x80101be0,88
0x80101c40,124
0x80101cc0,140
0x80101d50,84
0x80101dc0,8
0x80101dd0,296
0x80101f00,124
0x80101f80,604
0x801021e0,160
0x80102280,112
0x801022f0,124
0x80102370,208
0x80102440,44
0x80102480,8
0x80102490,180
0x80102550,100
0x801025c0,716
0x80102890,88
0x801028f0,124
0x80102970,208
0x80102a40,84
0x80102ab0,8
0x80102ac0,296
0x80102bf0,124
0x80102c70,852
0x80102fd0,160
0x80103070,112
0x801030e0,124
0x80103160,196
0x80103230,44
0x80103270,8
0x80103280,180
0x80103340,100
0x801033b0,664
0x80103650,88
0x801036b0,124
0x80103730,196
0x80103800,84
0x80103870,8
0x80103880,296
0x801039b0,124
0x80103a30,796
0x80103d50,160
0x80103df0,112
0x80103e60,124
0x80103ee0,324
0x80104030,128
0x801040c0,80
0x80104120,92
0x80104180,72
0x801041d0,36
0x80104200,20
0x80104220,152
0x801042c0,280
0x80104490,1676
0x80104b20,2428
0x801054c0,368
0x80105630,60
0x80105670,60
0x801056d0,88
0x80105730,104
0x801057a0,104
0x80105810,12
0x80105820,8
0x80105840,64
0x80105880,48
0x801058b0,196
0x80105980,48
0x801059e0,136
0x80105a70,16
0x80105a80,8
0x80105a90,12
0x80105aa0,128
0x80105b20,192
0x80105be0,172
0x80105c90,192
0x80105d70,776
0x80106080,268
0x80106190,232
0x80106280,232
0x80106370,72
0x801063c0,112
0x80106430,152
0x801064d0,16
0x801064e0,156
0x80106580,248
0x80106680,108
0x801066f0,16
0x80106700,184
0x801067c0,76
0x80106810,328
0x80106960,392
0x80106af0,288
0x80106c10,660
0x80106eb0,124
0x80106f30,112
0x80106fa0,336
0x801070f0,144
0x80107180,192
0x80107250,8
0x80107260,8
0x80107270,12
0x80107280,152
0x80107320,444
0x801074e0,32
0x80107500,300
0x80107630,60
0x80107670,268
0x80107780,612
0x801079f0,660
0x80107c90,40
0x80107cf0,156
0x80107d90,88
0x80107df0,52
0x80107e30,124
0x80107eb0,104
0x80107f20,244
0x80108020,116
0x801080a0,220
0x80108180,108
0x80108200,8
0x80108210,8
0x80108220,8
0x80108230,228
0x80108370,248
0x80108520,244
0x80108620,56
0x80108660,8
0x80108670,160
0x80108710,260
0x80108820,396
0x801089b0,16
0x801089c0,28
0x801089e0,208
0x80108ab0,208
0x80108b80,396
0x80108d10,144
0x80108da0,148
0x80108e40,1400
0x801093c0,108
0x80109430,228
0x80109520,356
0x80109690,32
0x801096b0,1032
0x80109ac0,144
0x80109b50,212
0x80109c30,424
0x80109de0,80
0x80109e90,316
0x80109fd0,352
0x8010a130,432
0x8010a2e0,148
0x8010a380,828
0x8010a6c0,384
0x8010a840,284
0x8010a990,444
0x8010abc0,224
0x8010acb0,64
0x8010acf0,128
0x8010ad70,444
0x8010af30,8
0x8010af40,8
0x8010af50,8
0x8010af60,88
0x8010afc0,84
0x8010b020,52
0x8010b130,108
0x8010b1c0,40
0x8010b230,192
0x8010b2f0,172
0x8010b3c0,28
0x8010b3e0,56
0x8010b440,8
0x8010b450,36
0x8010b480,64
0x8010b4c0,20
0x8010b4e0,8
0x8010b4f0,24
0x8010b510,8
0x8010b520,8
0x8010b530,8
0x8010b540,8
0x8010b550,8
0x8010b560,16
0x8010b570,16
0x8010b580,8
0x8010b590,8
0x8010b5a0,8
0x8010b5b0,8
0x8010b5c0,8
0x8010b5d0,8
0x8010b5e0,8
0x8010b5f0,8
0x8010b600,8
0x8010b610,8
0x8010b620,8
0x8010b630,8
0x8010b640,8
0x8010b650,8
0x8010b660,8
0x8010b670,552
0x8010b8a0,280
0x8010b9c0,280
0x8010bae0,124
0x8010bb60,36
0x8010bb90,176
0x8010bc40,168
0x8010bcf0,12
0x8010bd00,232
0x8010bdf0,296
0x8010bf20,268
0x8010c030,228
0x8010c120,260
0x8010c230,212
0x8010c310,172
0x8010c3c0,184
0x8010c480,272
0x8010c590,312
0x8010c6d0,132
0x8010c760,64
0x8010c7a0,64
0x8010c7e0,68
0x8010c830,260
0x8010c940,224
0x8010ca20,184
0x8010cae0,64
0x8010cb20,256
0x8010cc20,288
0x8010cd40,328
0x8010ce90,256
0x8010cf90,60
0x8010cfd0,64
0x8010d010,1492
0x8010d5f0,288
0x8010d710,64
0x8010d750,64
0x8010d7b0,88
0x8010d830,88
0x8010d8b0,88
0x8010d910,184
0x8010d9d0,260
0x8010dae0,304
0x8010dc10,336
0x8010dd60,76
0x8010ddb0,816
0x8010e0e0,204
0x8010e1b0,300
0x8010e2e0,956
0x8010e6a0,8
0x8010e6b0,16
0x8010e6c0,400
0x8010e850,400
0x8010e9e0,20
0x8010ea00,2608
0x8010f440,872
0x8010f7b0,432
0x8010f960,312
0x8010faa0,360
0x8010fc10,68
0x8010fdc0,296
0x8010fef0,252
0x80110020,76
0x80110070,76
0x801100c0,80
0x80110110,72
0x80110160,112
0x801101d0,8
0x801101e0,8
0x801101f0,112
0x80110260,84
0x801102c0,116
0x80110340,104
0x801103b0,140
0x80110460,88
0x801104c0,212
0x801105a0,124
0x80110620,136
0x801106b0,16
0x801106c0,248
0x801107c0,388
0x80110970,468
0x80110b50,136
0x80110be0,144
0x80110c70,8
0x80110c80,220
0x80110d60,104
0x80110dd0,168
0x80110e80,160
0x80110f20,96
0x80110fa0,72
0x80110ff0,428
0x801111a0,8
0x801111b0,116
0x80111230,72
0x80111280,184
0x80111340,112
0x801113b0,300
0x801114e0,268
0x801115f0,184
0x801116b0,104
0x80111720,92
0x80111780,256
0x80111880,128
0x80111900,68
0x80111950,232
0x80111a40,128
0x80111ac0,16
0x80111ad0,268
0x80111be0,704
0x80111ea0,452
0x80112070,72
0x801120c0,60
0x80112100,60
0x80112140,332
0x80112290,436
0x80112450,240
0x80112540,88
0x801125a0,88
0x80112600,256
0x80112700,536
0x80112920,144
0x801129b0,216
0x80112a90,852
0x80112df0,456
0x80112fc0,104
0x80113030,248
0x80113130,308
0x80113270,768
0x80113570,624
0x801137e0,504
0x801139e0,236
0x80113ad0,440
0x80113c90,804
0x80113fc0,468
0x801141a0,264
0x801142b0,508
0x801144b0,348
0x80114610,240
0x80114700,556
0x80114930,180
0x801149f0,268
0x80114b00,152
0x80114ba0,128
0x80114c30,32
0x80114c50,80
0x80114cb0,168
0x80114db0,208
0x80114e80,140
0x80114f10,168
0x80115060,180
0x80115120,312
0x80115260,124
0x801152e0,96
0x80115340,128
0x801153c0,224
0x801154a0,156
0x80115540,92
0x801155a0,228
0x80115710,244
0x80115810,56
0x80115850,64
0x80115890,156
0x80115930,100
0x801159a0,88
0x80115a20,124
0x80115aa0,348
0x80115c00,268
0x80115d10,124
0x80115d90,240
0x80115e90,112
0x80115f00,80
0x80115f50,20
0x80115f70,128
0x80115ff0,208
0x801160c0,88
0x80116120,200
0x801161f0,172
0x801162a0,144
0x80116330,156
0x801163d0,648
0x80116660,696
0x80116920,572
0x80116b60,204
0x80116c30,512
0x80116e30,32
0x80116e50,208
0x80116f20,32
0x80116f40,28
0x80116f60,48
0x80116f90,124
0x80117010,32
0x80117030,32
0x80117050,32
0x80117070,32
0x80117090,32
0x801170b0,32
0x801170d0,104
0x80117140,56
0x80117180,32
0x801171a0,48
0x801171d0,56
0x80117210,56
0x80117250,56
0x80117290,72
0x801172e0,160
0x80117380,144
0x80117410,124
0x80117490,24
0x801174b0,116
0x80117530,116
0x801175b0,136
0x80117640,116
0x801176c0,136
0x80117750,240
0x80117840,236
0x80117930,128
0x801179b0,332
0x80117b00,416
0x80117ca0,2988
0x80118850,332
0x801189b0,124
0x80118a30,112
0x80118aa0,8
0x80118ab0,164
0x80118b60,444
0x80118d20,152
0x80118dc0,176
0x80118e70,104
0x80118ee0,264
0x80118ff0,116
0x80119070,420
0x80119220,88
0x80119280,224
0x80119360,148
0x80119400,132
0x80119490,84
0x801194f0,36
0x80119520,36
0x80119550,116
0x801195d0,136
0x80119660,32
0x80119680,8
0x80119690,460
0x80119860,100
0x801198d0,104
0x80119940,64
0x80119980,160
0x80119a20,156
0x80119ac0,64
0x80119b00,8
0x80119b10,8
0x80119b20,228
0x80119c90,244
0x80119d90,56
0x80119dd0,144
0x80119e60,288
0x80119f80,280
0x8011a0a0,244
0x8011a1a0,108
0x8011a210,168
0x8011a2c0,412
0x8011a460,112
0x8011a4d0,296
0x8011a600,180
0x8011a6c0,8
0x8011a6d0,8
0x8011a6e0,344
0x8011a840,684
0x8011aaf0,440
0x8011acb0,1028
0x8011b0c0,112
0x8011b220,140
0x8011b2b0,24
0x8011b2d0,112
0x8011b340,288
0x8011b460,108
0x8011b4d0,32
0x8011b4f0,28
0x8011b560,132
0x8011b5f0,72
0x8011b640,68
0x8011b690,44
0x8011b6c0,48
0x8011b6f0,116
0x8011b890,16
0x8011b8a0,64
0x8011b8e0,300
0x8011ba10,484
0x8011bc00,100
0x8011bc70,196
0x8011bd40,16
0x8011bd50,64
0x8011bd90,300
0x8011bec0,484
0x8011c0b0,100
0x8011c120,196
0x8011c260,100
0x8011c320,136
0x8011c420,184
0x8011c4e0,300
0x8011c610,120
0x8011c690,80
0x8011c6e0,136
0x8011c770,244
0x8011c870,60
0x8011c8b0,128
0x8011c930,8
0x8011c940,8
0x8011c950,92
0x8011ca00,132
0x8011ca90,132
0x8011cb20,88
0x8011cb80,52
0x8011cbc0,212
0x8011cca0,212
0x8011cd80,88
0x8011cdf0,96
0x8011ce50,120
0x8011ced0,112
0x8011cf40,64
0x8011cf80,4
0x8011cf90,4
0x8011cfa0,4
0x8011cfd0,164
0x8011d080,64
0x8011d0c0,84
0x8011d120,64
0x8011d160,12
0x8011d280,184
0x8011d350,68
0x8011d3a0,272
0x8011d4c0,196
0x8011d590,184
0x8011d660,204
0x8011d730,264
0x8011d840,60
0x8011d880,88
0x8011d8e0,328
0x8011da30,264
0x8011db40,896
0x8011dec0,64
0x8011df00,2352
0x8011e830,196
0x8011e900,120
0x8011e980,96
0x8011e9e0,96
0x8011ea40,96
0x8011eaa0,96
0x8011eb00,304
0x8011ec30,636
0x8011eeb0,336
0x8011f000,748
0x8011f2f0,92
0x8011f350,88
0x8011f3b0,144
0x8011f440,124
0x8011f4c0,516
0x8011f6d0,516
0x8011f8e0,480
0x8011fac0,384
0x8011fc40,324
0x8011fd90,324
0x8011fee0,280
0x80120000,540
0x80120220,440
0x801203e0,320
0x80120520,272
0x80120630,172
0x80120700,340
0x80120860,1468
0x80120e20,56
0x80120e70,272
0x80120f80,2052
0x80121790,1240
0x80121c90,92
0x80121cf0,88
0x80121d50,144
0x80121de0,124
0x80121e60,516
0x80122070,516
0x80122280,480
0x80122460,384
0x801225e0,324
0x80122730,324
0x80122880,280
0x801229a0,540
0x80122bc0,440
0x80122d80,320
0x80122ec0,272
0x80122fd0,172
0x80123080,8
0x801230a0,340
0x80123200,1468
0x801237d0,288
0x801238f0,2088
0x80124120,1240
0x80124620,132
0x801246c0,144
0x80124750,152
0x80124890,272
0x801249a0,288
0x80124ac0,200
0x80124b90,172
0x80124c40,272
0x80124d50,288
0x80124e70,200
0x80124f50,152
0x80124ff0,396
0x80125180,192
0x80125240,84
0x801252a0,72
0x80125310,60
0x80125350,40
0x80125380,96
0x801253e0,68
0x80125450,144
0x801254e0,152
0x80125620,272
0x80125730,288
0x80125850,200
0x80125920,172
0x801259d0,272
0x80125ae0,288
0x80125c00,200
0x80125ce0,152
0x80125d80,396
0x80125f10,192
0x80125fd0,84
0x80126030,72
0x801260a0,60
0x801260e0,40
0x80126110,96
0x80126170,68
0x801261d0,172
0x80126280,164
0x80126330,36
0x80126360,120
0x801263e0,104
0x80126450,112
0x801264c0,384
0x80126640,448
0x80126800,52
0x80126840,64
0x80126880,64
0x801268c0,28
0x801268e0,36
0x80126910,52
0x80126950,32
0x80126970,76
0x801269c0,84
0x80126a20,108
0x80126a90,56
0x80126ad0,360
0x80126c40,144
0x80126cd0,172
0x80126db0,52
0x80126df0,68
0x80126f50,136
0x80126fe0,140
0x80127070,180
0x80127130,188
0x801271f0,472
0x801273d0,180
0x80127490,1752
0x80127b70,616
0x80128300,636
0x80128580,344
0x801286e0,216
0x801287c0,112
0x80128830,324
0x80128980,428
0x80128b30,348
0x80128c90,84
0x80128cf0,284
0x80128e10,296
0x80128f40,316
0x80129080,80
0x801290d0,60
0x801292c0,168
0x80129370,180
0x80129430,760
0x80129730,132
0x801297d0,140
0x80129860,180
0x80129940,144
0x801299f0,96
0x80129a50,52
0x80129ab0,256
0x80129bb0,256
0x80129cb0,88
0x80129d10,200
0x80129e50,276
0x80129f70,172
0x8012a020,204
0x8012a0f0,52
0x8012a130,124
0x8012a1b0,428
0x8012a370,200
0x8012a440,56
0x8012a480,296
0x8012a5b0,844
0x8012a900,128
0x8012a980,88
0x8012a9e0,132
0x8012aaf0,668
0x8012adc0,28
0x8012ae20,56
0x8012ae60,432
0x8012b020,488
0x8012b220,248
0x8012b320,332
0x8012b470,216
0x8012b550,436
0x8012b720,8
0x8012b730,8
0x8012b7d0,220
0x8012b8d0,748
0x8012bbc0,332
0x8012be00,88
0x8012be60,1412
0x8012c3f0,992
0x8012c7d0,200
0x8012c8a0,76
0x8012c8f0,220
0x8012c9d0,196
0x8012caa0,8
0x8012cab0,132
0x8012cb40,676
0x8012cdf0,468
0x8012cff0,644
0x8012d280,324
0x8012d3d0,252
0x8012d560,472
0x8012d740,144
0x8012d7d0,144
0x8012d860,268
0x8012d970,1552
0x8012df80,1844
0x8012e6c0,3624
0x8012f590,60
0x8012f5d0,88
0x8012f660,264
0x8012f770,512
0x8012f970,20
0x8012f990,236
0x8012fa80,24
0x8012faa0,1636
0x80130110,36
0x80130140,12
0x80130150,12
0x80130160,12
0x80130170,12
0x80130180,12
0x80130190,12
0x801301a0,12
0x801301b0,12
0x801301c0,12
0x801301d0,12
0x801301e0,12
0x801301f0,12
0x80130200,20
0x80130220,12
0x80130230,12
0x80130240,20
0x80130260,20
0x80130280,20
0x801302a0,36
0x801302d0,36
0x80130300,36
0x80130330,12
0x80130340,44
0x80130370,36
0x801303a0,100
0x80130410,36
0x80130440,36
0x80130470,8
0x80130480,8
0x80130490,8
0x801304a0,8
0x801304b0,8
0x801304c0,8
0x801304d0,8
0x801304e0,8
0x801304f0,8
0x80130500,16
0x80130510,8
0x80130520,8
0x80130530,8
0x80130540,112
0x801305b0,172
0x80130660,1676
0x80130cf0,8
0x80130d20,24
0x80130d40,36
0x80130d70,44
0x80130da0,52
0x80130de0,60
0x80130e20,68
0x80130e70,76
0x80130ec0,84
0x80130f20,92
0x80130f80,100
0x80130ff0,60
0x80131030,144
0x801310c0,136
0x80131150,292
0x80131280,196
0x80131350,440
0x80131510,3592
0x80132350,20
0x80132370,120
0x801323f0,52
0x80132450,76
0x801324a0,76
0x801324f0,112
0x80132560,236
0x80132650,28
0x80132670,332
0x801327c0,112
0x80132830,292
0x80132960,208
0x80132a30,116
0x80132ab0,64
0x80132af0,232
0x80132be0,444
0x80132da0,12
0x80132db0,52
0x80132df0,132
0x80132ea0,364
0x80133010,460
0x801331e0,280
0x80133300,476
0x801334e0,740
0x801337d0,24
0x801337f0,260
0x80133900,28
0x80133920,32
0x80133940,32
0x80133960,28
0x80133980,32
0x801339a0,216
0x80133a80,104
0x80133af0,56
0x80133b30,608
0x80133d90,488
0x80133f80,52
0x80133fc0,60
0x80134000,132
0x80134090,64
0x801340d0,16
0x801340f0,204
0x801341c0,320
0x80134300,84
0x80134360,124
0x801343e0,20
0x80134420,112
0x80134490,44
0x801344c0,44
0x801344f0,40
0x80134520,20
0x80134540,80
0x80134590,148
0x80134630,236
0x80134720,76
0x80134770,104
0x801347e0,148
0x80134880,104
0x801348f0,60
0x80134930,228
0x80134a20,1376
0x80134f80,304
0x801350b0,112
0x80135120,8
0x80135130,8
0x80135140,8
0x80135150,8
0x80135160,8
0x80135170,8
0x80135180,8
0x80135190,8
0x801351a0,20
0x801351c0,8
0x801351d0,8
0x801351e0,8
0x801351f0,8
0x80135200,8
0x80135210,8
0x80135220,32
0x80135240,40
0x80135270,8
0x80135280,8
0x80135290,12
0x801352a0,8
0x801352b0,40
0x801352e0,8
0x801352f0,80
0x80135340,296
0x80135470,108
0x801354e0,596
0x80135740,476
0x80135920,484
0x80135b50,676
0x80135e00,1368
0x80136360,532
0x801365c0,20
0x801365e0,16
0x801366f0,84
0x80136750,16
0x80136760,16
0x80136770,132
0x80136800,32
0x80136820,88
0x80136880,16
0x80136890,592
0x80136ae0,112
0x80136b50,132
0x80136be0,280
0x80136d00,556
0x80136f80,140
0x80137010,8
0x80137020,8
0x80137030,16
0x80137040,168
0x801370f0,172
0x801372a0,120
0x80137320,8
0x80137330,8
0x80137340,8
0x80137350,8
0x80137360,8
0x80137370,8
0x80137380,8
0x80137390,8
0x801373a0,8
0x801373b0,8
0x801373c0,8
0x801373d0,8
0x801373e0,52
0x80137420,52
0x80137460,544
0x80137680,460
0x80137850,204
0x80137920,20
0x80137940,44
0x80137970,48
0x801379a0,48
0x801379d0,44
0x80137a00,44
0x80137a30,44
0x80137a60,44
0x80137a90,52
0x80137ad0,16
0x80137ae0,20
0x80137b00,204
0x80137bd0,56
0x80137c10,40
0x80137c40,36
0x80137c70,36
0x80137ca0,160
0x80137d40,12
0x80137d50,20
0x80137d70,328
0x80137ec0,232
0x80137fb0,292
0x801380e0,296
0x80138210,8
0x80138220,92
0x80138280,12
0x80138290,128
0x80138310,216
0x801383f0,8
0x80138400,48
0x80138430,48
0x80138460,36
0x80138490,188
0x80138550,608
0x80138840,56
0x80138880,128
0x80138900,300
0x80138a30,648
0x80138cc0,764
0x80138fc0,384
0x80139140,340
0x801392a0,460
0x80139470,40
0x801394c0,36
0x80139500,2044
0x80139d00,200
0x80139dd0,1876
0x8013a530,480
0x8013a710,808
0x8013aa40,288
0x8013ab60,488
0x8013ad50,1512
0x8013b340,312
0x8013b480,424
0x8013b630,120
0x8013b6b0,784
0x8013b9c0,280
0x8013bae0,248
0x8013bbe0,436
0x8013bda0,648
0x8013c030,20
0x8013c050,20
0x8013c070,36
0x8013c0a0,20
0x8013c0c0,16
0x8013c0d0,196
0x8013c1a0,604
0x8013c400,128
0x8013c480,128
0x8013c500,680
0x8013c800,4
0x8013c810,4
0x8013c820,4
0x8013c830,4
0x8013c840,708
0x8013cb10,740
0x8013ce00,8
0x8013ce10,576
0x8013d050,464
0x8013d230,24
0x8013d250,96
0x8013d2b0,200
0x8013d380,220
0x8013d460,208
0x8013d530,12
0x8013d540,12
0x8013d550,12
0x8013d560,60
0x8013da70,24
0x8013da90,288
0x8013dbb0,68
0x8013dc00,204
0x8013dcd0,56
0x8013dd10,220
0x8013ddf0,200
0x8013dec0,108
0x8013df30,188
0x8013dff0,108
0x8013e060,20
0x8013e080,136
0x8013e110,176
0x8013e1c0,384
0x8013e340,284
0x8013e460,212
0x8013e540,648
0x8013e7d0,64
0x8013e810,64
0x8013e850,164
0x8013e900,88
0x8013e960,48
0x8013e990,28
0x8013e9b0,312
0x8013eaf0,512
0x8013ecf0,736
0x8013efd0,16
0x8013efe0,292
0x8013f110,120
0x8013f190,156
0x8013f230,284
0x8013f350,272
0x8013f480,96
0x8013f4f0,640
0x8013f780,16
0x8013f790,12
0x8013f7a0,60
0x8013f7e0,60
0x8013f820,104
0x8013f890,60
0x8013f8d0,424
0x8013fa80,80
0x8013fad0,556
0x8013fd00,20
0x8013fd20,60
0x8013fd60,620
0x8013ffd0,228
0x801400c0,468
0x801402a0,320
0x801403f0,660
0x80140690,392
0x80140820,236
0x80140910,244
0x80140a10,128
0x80140a90,168
0x80140b40,24
0x80140b60,8
0x80140b70,100
0x80140be0,88
0x80140c40,808
0x80140f70,276
0x80141090,112
0x80141100,124
0x80141180,64
0x801411c0,8
0x801411d0,8
0x801411e0,24
0x80141200,236
0x801412f0,236
0x801413e0,176
0x80141490,280
0x801415b0,124
0x80141630,116
0x801416b0,248
0x801417b0,120
0x80141860,340
0x801419d0,1204
0x80141e90,84
0x80141ef0,492
0x801420e0,228
0x801421d0,296
0x80142300,180
0x801423c0,184
0x80142480,148
0x80142520,256
0x80142620,108
0x80142690,184
0x80142750,292
0x801428a0,176
0x80142950,344
0x80142ab0,24
0x80142ad0,444
0x80142c90,276
0x80142db0,24
0x80142ec0,160
0x80142f60,460
0x80143130,344
0x80143290,308
0x801433d0,516
0x801435e0,32
0x80143600,72
0x80143650,76
0x801436a0,232
0x80143790,636
0x80143a10,164
0x80143ac0,248
0x80143bc0,636
0x80143e40,132
0x80143ed0,384
0x80144050,280
0x80144170,184
0x80144230,300
0x80144360,252
0x80144460,184
0x80144520,536
0x80144740,208
0x80144810,452
0x801449e0,252
0x80144ae0,216
0x80144bc0,40
0x80144bf0,936
0x80144fa0,376
0x80145120,444
0x801452e0,392
0x80145470,756
0x80145770,1004
0x80145b60,192
0x80145c20,432
0x80145dd0,92
0x80145e30,140
0x80145ec0,364
0x80146030,692
0x801462f0,436
0x801464b0,212
0x80146590,8
0x801465a0,408
0x80146740,2060
0x80146f50,68
0x80146fa0,68
0x80146ff0,280
0x80147110,512
0x80147310,1352
0x80147860,84
0x801478c0,680
0x80147b70,224
0x80147c50,404
0x80147df0,1740
0x801484c0,852
0x80148820,276
0x80148940,108
0x801489b0,120
0x80148a30,8
0x80148a40,156
0x80148ae0,144
0x80148b70,96
0x80148bd0,96
0x80148c30,60
0x80148c70,564
0x80148eb0,84
0x80148f10,248
0x80149010,20
0x80149030,16
0x80149040,136
0x801490d0,840
0x80149420,1332
0x80149960,160
0x80149a00,64
0x80149a40,88
0x80149aa0,100
0x80149b10,108
0x80149b80,3448
0x8014a900,352
0x8014aa60,16
0x8014aa70,24
0x8014aa90,92
0x8014aaf0,132
0x8014ab80,16
0x8014ab90,72
0x8014abe0,1196
0x8014b090,44
0x8014b0c0,52
0x8014b100,204
0x8014b1d0,392
0x8014b360,80
0x8014b3b0,248
0x8014b4b0,200
0x8014b580,124
0x8014b600,176
0x8014b6b0,176
0x8014b760,124
0x8014b7e0,52
0x8014b820,76
0x8014b870,40
0x8014b8a0,88
0x8014b900,164
0x8014b9b0,372
0x8014bb30,164
0x8014bbe0,248
0x8014bce0,136
0x8014bd70,84
0x8014bdd0,140
0x8014bec0,156
0x8014bf60,236
0x8014c050,152
0x8014c0f0,36
0x8014c170,68
0x8014c1e0,68
0x8014c230,32
0x8014c250,60
0x8014c290,216
0x8014c370,212
0x8014c450,40
0x8014c4e0,92
0x8014c640,160
0x8014c6e0,460
0x8014c8b0,412
0x8014ca50,228
0x8014cb70,368
0x8014cce0,304
0x8014ce10,1284
0x8014d320,2240
0x8014dbe0,352
0x8014dd40,140
0x8014ddd0,248
0x8014ded0,480
0x8014e0b0,656
0x8014e340,256
0x8014e440,8
0x8014e450,144
0x8014e4e0,8
0x8014e4f0,8
0x8014e500,68
0x8014e550,124
0x8014e5d0,416
0x8014e770,612
0x8014e9e0,524
0x8014ebf0,176
0x8014eca0,300
0x8014edd0,436
0x8014ef90,144
0x8014f020,52
0x8014f060,416
0x8014f200,452
0x8014f3d0,128
0x8014f450,604
0x8014f6b0,116
0x8014f730,64
0x8014f770,16
0x8014f780,580
0x8014f9d0,36
0x8014fa00,128
0x8014fa80,92
0x8014fae0,52
0x8014fb20,356
0x8014fc90,432
0x8014fe50,204
0x8014ff20,36
0x8014ff50,16
0x8014ff60,24
0x8014ff80,20
0x8014ffa0,92
0x80150000,20
0x80150020,24
0x80150040,20
0x80150060,28
0x801500c0,68
0x80150110,132
0x801501a0,68
0x801501f0,128
0x80150270,100
0x801502e0,632
0x80150560,332
0x801506b0,216
0x80150790,52
0x801507d0,52
0x80150810,60
0x80150850,40
0x80150880,28
0x801508a0,60
0x801508e0,36
0x80150910,64
0x80150950,64
0x80150990,36
0x801509c0,268
0x80150ad0,32
0x80150af0,40
0x80150b20,548
0x80150d50,200
0x80150e20,120
0x80150ea0,484
0x80151090,20
0x801510b0,316
0x801511f0,344
0x80151350,56
0x80151390,28
0x801513b0,16
0x801513c0,16
0x801513d0,412
0x80151570,196
0x80151640,16
0x80151650,28
0x80151670,28
0x80151690,40
0x801516c0,268
0x801517d0,12
0x801517f0,128
0x80151870,212
0x80151950,212
0x80151a30,36
0x80151a60,164
0x80151b10,292
0x80151c40,192
0x80151d00,524
0x80151f10,72
0x80151f60,260
0x80152070,20
0x80152090,8
0x801520a0,40
0x801520d0,8
0x801520e0,8
0x801520f0,84
0x80152150,12
0x80152160,20
0x80152180,20
0x801521a0,8
0x801521b0,12
0x801521c0,12
0x801521d0,12
0x801521e0,220
0x801522c0,20
0x801522e0,12
0x801522f0,64
0x80152330,12
0x80152340,20
0x80152360,12
0x80152370,8
0x80152380,356
0x801524f0,84
0x80152550,40
0x80152580,148
0x80152620,168
0x801526d0,32
0x801526f0,72
0x80152740,20
0x80152760,20
0x80152780,124
0x80152800,100
0x80152870,144
0x80152900,356
0x80152a70,848
0x80152dc0,104
0x80152e30,308
0x80152f70,256
0x80153070,200
0x80153140,32
0x80153160,72
0x801531b0,84
0x80153210,4
0x80153220,48
0x80153250,36
0x80153280,148
0x80153320,64
0x80153360,64
0x801533a0,88
0x80153400,88
0x80153460,96
0x801534c0,100
0x80153530,92
0x80153590,80
0x801535e0,80
0x80153630,60
0x80153670,124
0x801536f0,56
0x80153730,132
0x801537c0,348
0x80153920,36
0x80153950,556
0x80153b80,352
0x80153ce0,272
0x80153df0,80
0x80153e40,44
0x80153e70,20
0x80153e90,44
0x80153ec0,20
0x80153ee0,52
0x80153f20,48
0x80153f50,168
0x80154000,32
0x80154020,44
0x80154050,20
0x80154070,48
0x801540a0,52
0x801540e0,112
0x80154150,512
0x80154350,592
0x801545a0,692
0x80154860,180
0x80154920,176
0x801549d0,116
0x80154a50,392
0x80154be0,68
0x80154c30,100
0x80154ca0,76
0x80154cf0,64
0x80154d30,80
0x80154d80,44
0x80154db0,88
0x80154e10,52
0x80154e50,32
0x80154e70,180
0x80154f30,144
0x80154fc0,60
0x80155000,44
0x80155030,32
0x80155050,48
0x80155080,104
0x801550f0,72
0x80155140,60
0x80155180,40
0x801551b0,136
0x80155240,2076
0x80155a60,16
0x80155a70,48
0x80155aa0,768
0x80155db0,104
0x80155e20,36
0x80155e50,208
0x80155f40,296
0x80156080,180
0x80156150,340
0x801562b0,376
0x80156430,388
0x801565d0,272
0x80156700,60
0x80156740,244
0x80156840,196
0x80156910,1284
0x80156e20,480
0x80157000,212
0x801570e0,576
0x80157320,824
0x80157660,416
0x80157800,1144
0x80157c80,392
0x80157e10,356
0x80157f80,456
0x80158150,404
0x801582f0,196
0x801583c0,592
0x80158610,228
0x80158700,200
0x801587d0,576
0x80158a10,376
0x80158b90,216
0x80158c70,392
0x80158e30,796
0x80159150,1456
0x80159700,2528
0x8015a0e0,228
0x8015a1d0,216
0x8015a2b0,200
0x8015a380,156
0x8015a420,16
0x8015a430,80
0x8015a480,868
0x8015a7f0,192
0x8015a8d0,204
0x8015a9a0,284
0x8015aad0,312
0x8015ac10,28
0x8015ac30,8
0x8015ac40,4
0x8015ac50,56
0x8015ac90,104
0x8015ad00,160
0x8015ada0,88
0x8015ae00,100
0x8015ae70,96
0x8015af00,92
0x8015af60,252
0x8015b060,340
0x8015b1c0,188
0x8015b280,232
0x8015b370,160
0x8015b410,256
0x8015b510,284
0x8015b630,160
0x8015b6d0,148
0x8015b770,144
0x8015b800,120
0x8015b880,104
0x8015b8f0,240
0x8015b9e0,204
0x8015bab0,92
0x8015bb10,20
0x8015bb30,20
0x8015bb60,636
0x8015bde0,184
0x8015bea0,188
0x8015bf60,80
0x8015bfb0,612
0x8015c220,396
0x8015c3b0,620
0x8015c620,612
0x8015c890,528
0x8015caa0,664
0x8015cd40,360
0x8015ceb0,408
0x8015d050,408
0x8015d1f0,364
0x8015d360,360
0x8015d4d0,12
0x8015d4e0,380
0x8015d660,408
0x8015d800,408
0x8015d9a0,388
0x8015db30,432
0x8015dce0,384
0x8015de60,16
0x8015de70,12
0x8015de80,12
0x8015de90,364
0x8015e000,364
0x8015e170,364
0x8015e2e0,12
0x8015e2f0,8
0x8015e300,8
0x8015e310,360
0x8015e480,8
0x8015e490,68
0x8015e4e0,124
0x8015e560,20
0x8015e580,16
0x8015e590,24
0x8015e5b0,16
0x8015e5c0,8
0x8015e5d0,384
0x8015e750,168
0x8015e800,100
0x8015e870,460
0x8015ea40,84
0x8015eaa0,8
0x8015eab0,20
0x8015ead0,172
0x8015eb80,176
0x8015ec30,28
0x8015ec50,16
0x8015ec60,132
0x8015ecf0,124
0x8015ed70,388
0x8015ef00,156
0x8015efa0,276
0x8015f0c0,52
0x8015f100,28
0x8015f120,32
0x8015f140,32
0x8015f160,32
0x8015f180,32
0x8015f1a0,52
0x8015f1e0,28
0x8015f200,32
0x8015f220,32
0x8015f240,32
0x8015f260,32
0x8015f280,52
0x8015f2c0,28
0x8015f2e0,940
0x8015f690,100
0x8015f700,100
0x8015f770,100
0x8015f7e0,20
0x8015f800,20
0x8015f820,20
0x8015f840,8
0x8015f850,48
0x8015f880,2492
0x80160240,80
0x80160290,8
0x801602a0,8
0x801602b0,8
0x801602c0,8
0x801602d0,8
0x801602e0,24
0x80160300,8
0x80160310,8
0x80160320,8
0x80160330,608
0x80160590,176
0x80160650,84
0x801606d0,236
0x801607c0,504
0x801609c0,68
0x80160a10,44
0x80160a40,196
0x80160b10,88
0x80160b70,12
0x80160b80,108
0x80160bf0,108
0x80160c60,376
0x80160de0,88
0x80160e40,348
0x80160fa0,8
0x80160fb0,1360
0x80161500,784
0x80161810,8
0x80161820,64
0x80161860,700
0x80161b20,112
0x80161b90,232
0x80161c80,188
0x80161d40,8
0x80161d50,8
0x80161d60,64
0x80161da0,100
0x80161e10,36
0x80161e50,136
0x80161ee0,412
0x80162080,208
0x80162150,180
0x80162210,84
0x80162270,1316
0x801627a0,372
0x80162920,292
0x80162a50,276
0x80162b70,804
0x80162ea0,140
0x80162f30,448
0x801630f0,208
0x801631c0,180
0x80163280,84
0x801632e0,1460
0x801638a0,372
0x80163a20,292
0x80163b50,276
0x80163c70,820
0x80163fb0,40
0x80163fe0,720
0x801642b0,392
0x80164440,264
0x80164550,176
0x80164600,632
0x80164880,500
0x80164a80,40
0x80164ab0,548
0x80164ce0,292
0x80164e10,208
0x80164ee0,144
0x80164f70,536
0x80165190,440
0x80165350,96
0x801653b0,380
0x80165530,208
0x80165600,180
0x801656c0,84
0x80165720,876
0x80165a90,324
0x80165be0,256
0x80165ce0,240
0x80165dd0,684
0x80166080,96
0x801660e0,408
0x80166280,208
0x80166350,180
0x80166410,84
0x80166470,900
0x80166800,324
0x80166950,256
0x80166a50,240
0x80166b40,688
0x80166df0,12
0x80166e00,600
0x80167060,432
0x80167210,144
0x801672a0,864
0x80167600,504
0x80167800,260
0x80167910,12
0x80167920,628
0x80167ba0,432
0x80167d50,144
0x80167de0,900
0x80168170,520
0x80168380,260
0x80168490,12
0x801684a0,20
0x801684e0,12
0x801684f0,20
0x80168510,320
0x80168650,448
0x80168810,364
0x80168980,320
0x80168ac0,556
0x80168cf0,220
0x80168dd0,200
0x80168ea0,360
0x80169010,176
0x801690c0,48
0x801690f0,176
0x801691a0,508
0x801693a0,196
0x80169470,124
0x801694f0,216
0x801695d0,88
0x80169630,80
0x80169680,132
0x80169710,48
0x80169740,288
0x80169860,160
0x80169900,212
0x801699e0,180
0x80169aa0,348
0x80169c00,48
0x80169c30,148
0x80169cd0,112
0x80169d90,16
0x80169da0,16
0x80169db0,28
0x80169dd0,24
0x80169df0,112
0x80169e60,108
0x80169ed0,32
0x80169ef0,64
0x80169f30,328
0x8016a080,352
0x8016a1e0,16
0x8016a1f0,16
0x8016a200,20
0x8016a220,20
0x8016a240,192
0x8016a300,8
0x8016a310,112
0x8016a380,188
0x8016a440,80
0x8016a490,1068
0x8016a8c0,420
0x8016aa70,396
0x8016ac00,152
0x8016aca0,136
0x8016ad30,320
0x8016ae70,116
0x8016aef0,116
0x8016af70,120
0x8016aff0,176
0x8016b0a0,152
0x8016b140,192
0x8016b200,104
0x8016b270,120
0x8016b2f0,104
0x8016b360,120
0x8016b3e0,152
0x8016b480,168
0x8016b530,324
0x8016b680,116
0x8016b700,120
0x8016b780,424
0x8016b930,100
0x8016b9a0,116
0x8016ba20,144
0x8016bab0,84
0x8016bb10,140
0x8016bba0,340
0x8016bd00,116
0x8016bd80,100
0x8016bdf0,132
0x8016be80,8
0x8016be90,8
0x8016bea0,820
0x8016c1e0,272
0x8016c2f0,140
0x8016c380,140
0x8016c410,120
0x8016c490,120
0x8016c510,120
0x8016c590,108
0x8016c600,136
0x8016c690,44
0x8016c6c0,360
0x8016c830,976
0x8016cc00,152
0x8016cca0,260
0x8016cdb0,452
0x8016cf80,92
0x8016cfe0,92
0x8016d040,212
0x8016d120,212
0x8016d200,152
0x8016d2a0,316
0x8016d3e0,28
0x8016d400,52
0x8016d440,88
0x8016d4a0,20
0x8016d4e0,432
0x8016d690,200
0x8016d760,164
0x8016d810,308
0x8016d950,204
0x8016da30,84
0x8016da90,60
0x8016dad0,724
0x8016ddb0,72
0x8016de00,120
0x8016de80,12
0x8016de90,220
0x8016df70,188
0x8016e030,264
0x8016e140,84
0x8016e1a0,280
0x8016e2c0,1220
0x8016e790,632
0x8016ea10,92
0x8016ea70,20
0x8016ea90,160
0x8016eb30,284
0x8016ec50,276
0x8016ed70,208
0x8016ee40,232
0x8016ef30,140
0x8016efc0,292
0x8016f100,584
0x8016f350,384
0x8016f4d0,404
0x8016f670,632
0x8016f8f0,224
0x8016f9d0,292
0x8016fb00,212
0x8016fbe0,212
0x8016fcc0,212
0x8016fda0,260
0x8016feb0,12
0x8016fec0,540
0x801700e0,824
0x80170420,84
0x80170480,116
0x80170500,84
0x80170560,12
0x80170570,108
0x801705e0,84
0x80170640,84
0x801706a0,64
0x801706e0,12
0x801706f0,12
0x80170700,12
0x80170710,12
0x80170720,104
0x80170790,84
0x801707f0,8
0x80170800,84
0x80170860,84
0x801708c0,8
0x801708d0,364
0x80170a40,132
0x80170ad0,132
0x80170b54,728
0x80170e30,56
0x80170e70,248
0x80170f70,52
0x80170fb0,256
0x801710b0,568
0x801712f0,660
0x80171590,768
0x801718a0,628
0x80171b20,596
0x80171d80,676
0x80172030,1204
0x801724f0,252
0x801725f0,284
0x80172710,248
0x80172810,212
0x801728f0,360
0x80172a60,660
0x80172d00,12
0x80172d10,12
0x80172d20,12
0x80172d30,12
0x80172d40,12
0x80172d50,12
0x80172d60,12
0x80172d70,88
0x80172dd0,284
0x80172ef0,668
0x80173190,572
0x801733d0,1196
0x80173880,284
0x801739a0,188
0x80173a60,688
0x80173d20,260
0x80173e30,284
0x80173f50,312
0x80174090,992
0x80174470,160
0x80174510,672
0x801747c0,80
0x80174810,624
0x80174a90,456
0x80174c60,20
0x80174c80,8
0x80174c90,8
0x80174ca0,88
0x80174d00,124
0x80174d80,188
0x80174e40,8
0x80174e50,84
0x80174eb0,72
0x80174f00,148
0x80174fa0,276
0x801750c0,164
0x80175170,236
0x80175260,152
0x80175300,152
0x801753a0,208
0x80175470,76
0x801754c0,72
0x80175510,16
0x80175520,16
0x80175530,8
0x80175540,8
0x80175550,8
0x80175560,44
0x80175590,600
0x801757f0,448
0x801759b0,192
0x80175a70,116
0x80175af0,616
0x80175d60,280
0x80175e80,288
0x80175fb0,192
0x80176070,168
0x80176120,256
0x80176220,264
0x80176330,256
0x80176430,264
0x80176540,224
0x80176620,232
0x80176710,312
0x80176850,304
0x80176980,316
0x80176ac0,228
0x80176bb0,220
0x80176c90,804
0x80176fc0,304
0x801770f0,508
0x801772f0,4
0x80177300,484
0x801774f0,324
0x80177640,28
0x80177660,16
0x80177670,16
0x80177680,288
0x801777a0,348
0x80177900,296
0x80177a30,384
0x80177bb0,244
0x80177cb0,244
0x80177db0,340
0x80177f10,328
0x80178060,344
0x801781c0,308
0x80178300,216
0x801783e0,208
0x801784b0,260
0x801785c0,260
0x801786d0,312
0x80178810,244
0x80178910,244
0x80178a10,200
0x80178ae0,184
0x80178ba0,192
0x80178c60,4
0x80178c70,140
0x80178d00,28
0x80178d20,164
0x80178dd0,28
0x80178df0,164
0x80178ea0,4
0x80178eb0,132
0x80178f40,144
0x80178fd0,92
0x80179050,8
0x80179060,8
0x80179070,8
0x80179080,8
0x80179090,8
0x801790a0,8
0x801790b0,8
0x801790c0,8
0x801790d0,8
0x801790e0,8
0x801790f0,8
0x80179100,8
0x80179110,8
0x80179120,428
0x801792d0,452
0x801794a0,272
0x801795b0,108
0x80179620,3248
0x8017a2d0,232
0x8017a3c0,404
0x8017a560,2632
0x8017afd0,820
0x8017b310,656
0x8017b5a0,112
0x8017b620,4
0x8017b630,4
0x8017b640,4
0x8017b650,4
0x8017b660,4
0x8017b670,68
0x8017b6c0,52
0x8017b700,204
0x8017b7d0,232
0x8017b8c0,2252
0x8017c190,288
0x8017c2b0,1156
0x8017c770,212
0x8017c880,192
0x8017c940,52
0x8017c980,88
0x8017c9e0,140
0x8017ca70,136
0x8017cb00,136
0x8017cb90,92
0x8017cbf0,68
0x8017cc40,192
0x8017cd00,84
0x8017cd60,544
0x8017cf80,204
0x8017d050,52
0x8017d090,52
0x8017d0d0,488
0x8017d2c0,172
0x8017d370,152
0x8017d410,348
0x8017d570,284
0x8017d690,252
0x8017d790,68
0x8017d7e0,5628
0x8017ede0,52
0x8017ee20,80
0x8017ee70,312
0x8017efb0,132
0x8017f040,528
0x8017f250,52
0x8017f290,68
0x8017f320,4224
0x801803a0,548
0x801805d0,108
0x80180640,4452
0x801817b0,872
0x80181b20,212
0x80181c00,652
0x80181e90,436
0x80182050,440
0x80182210,428
0x801823c0,136
0x80182450,96
0x801824b0,8
0x801824c0,8
0x801824d0,224
0x801825b0,284
0x801826d0,284
0x80182ab0,740
0x80182da0,3332
0x80183ab0,404
0x80183c50,2656
0x801846b0,320
0x801847f0,192
0x801848b0,2096
0x801850e0,456
0x801852b0,72
0x80185300,1708
0x801859b0,420
0x80185b60,288
0x80185c80,320
0x80185dc0,1088
0x80186200,880
0x80186570,264
0x80186680,1172
0x80186b20,632
0x80186da0,1356
0x801872f0,256
0x801873f0,376
0x80187570,2304
0x80187e70,1324
0x80188500,268
0x80188740,168
0x801887f0,336
0x80188970,360
0x80188ae0,344
0x80188c50,1496
0x80189230,1520
0x80189820,740
0x80189b10,44
0x80189b40,212
0x80189c20,128
0x80189ca0,716
0x80189f70,212
0x8018a050,264
0x8018a160,812
0x8018a490,8
0x8018a4a0,20
0x8018a4c0,20
0x8018a520,344
0x8018a680,344
0x8018a7e0,1004
0x8018abd0,288
0x8018aea0,344
0x8018b000,2508
0x8018ba10,152
0x8018bab0,508
0x8018bcc0,624
0x8018bf50,268
0x8018c060,384
0x8018c220,1360
0x8018c810,1076
0x8018cc50,324
0x8018cde0,180
0x8018cec0,900
0x8018d250,260
0x8018d360,76
0x8018d3b0,528
0x8018d5c0,60
0x8018d600,72
0x8018d650,108
0x8018d6c0,76
0x8018d710,332
0x8018d860,20
0x8018d8a0,144
0x8018d930,136
0x8018d9c0,192
0x8018da80,76
0x8018dad0,76
0x8018db20,88
0x8018db90,204
0x8018dc60,560
0x8018de90,376
0x8018e030,352
0x8018e190,304
0x8018e2c0,260
0x8018e3d0,216
0x8018e4b0,276
0x8018e5d0,276
0x8018e6f0,360
0x8018e860,276
0x8018e980,276
0x8018eaa0,400
0x8018ec30,408
0x8018edd0,116
0x8018ee70,884
0x8018f1f0,324
0x8018f340,632
0x8018f5e0,496
0x8018f7d0,152
0x8018f870,84
0x8018f8d0,88
0x8018f930,88
0x8018f990,60
0x8018f9d0,12
0x8018f9e0,116
0x8018fa60,84
0x8018fac0,76
0x8018fb10,20
0x8018fb30,20
0x8018fb50,20
0x8018fb70,20
0x8018fb90,1040
0x8018ffa0,36
0x8018ffd0,4
0x8018ffe0,4
0x8018fff0,8
0x80190000,144
0x80190090,28
0x801900b0,28
0x801900d0,28
0x801900f0,28
0x80190170,436
0x80190330,24
0x80190350,24
0x80190370,424
0x80190520,180
0x801905e0,180
0x801906a0,404
0x80190840,292
0x80190970,1416
0x80190f00,488
0x801910f0,552
0x80191320,436
0x801914e0,372
0x80191660,1492
0x80191c40,1212
0x80192100,296
0x80192230,548
0x80192460,4040
0x801934d0,2064
0x80193cf0,1140
0x80194170,500
0x80194370,88
0x80194420,28
0x80194440,28
0x80194460,148
0x80194500,220
0x801945e0,2500
0x80194ff0,308
0x80195130,20
0x80195150,284
0x80195270,432
0x80195420,684
0x801956d0,908
0x80195a60,704
0x80195d20,232
0x80195e10,232
0x80195f00,232
0x80195ff0,2752
0x80196ab0,416
0x80196c50,36
0x80196c80,1068
0x801970b0,20
0x801970d0,68
0x80197120,136
0x801971b0,876
0x80197520,776
0x80197830,436
0x801979f0,228
0x80197ae0,252
0x80197be0,72
0x80197c30,556
0x80197e60,168
0x80197f10,172
0x80197fc0,248
0x801980c0,8
0x801980d0,412
0x80198270,324
0x801983c0,292
0x801984f0,852
0x80198850,856
0x80198bb0,116
0x80198c30,160
0x80198cd0,160
0x80198d70,1444
0x80199320,140
0x801993b0,544
0x801995d0,684
0x80199880,20
0x801998a0,416
0x80199a40,232
0x80199b30,368
0x80199ca0,68
0x80199cf0,444
0x80199eb0,176
0x80199f60,316
0x8019a0a0,320
0x8019a1e0,160
0x8019a280,196
0x8019a350,8
0x8019a360,28
0x8019a380,16
0x8019a390,840
0x8019a6e0,356
0x8019a850,188
0x8019a910,20
0x8019a930,332
0x8019aa80,132
0x8019ab10,20
0x8019ab30,140
0x8019abc0,236
0x8019acb0,284
0x8019ade0,144
0x8019ae70,168
0x8019af20,4
0x8019af30,4
0x8019af40,4
0x8019af50,4
0x8019af60,164
0x8019b010,8
0x8019b020,36
0x8019b050,68
0x8019b0a0,4
0x8019b0b0,44
0x8019b0e0,4
0x8019b110,920
0x8019b4b0,428
0x8019b690,104
0x8019b700,52
0x8019b740,48
0x8019b770,60
0x8019b7b0,148
0x8019b850,424
0x8019ba00,412
0x8019bba0,236
0x8019bc90,224
0x8019bd70,520
0x8019bf80,396
0x8019c110,8
0x8019c120,524
0x8019c330,172
0x8019c3e0,68
0x8019c430,32
0x8019c450,100
0x8019c4c0,32
0x8019c500,44
0x8019c530,180
0x8019c5f0,20
0x8019c610,20
0x8019c630,20
0x8019c650,20
0x8019c670,20
0x8019c690,20
0x8019c6b0,20
0x8019c6f0,220
0x8019c7d0,52
0x8019c840,64
0x8019c880,892
0x8019cc00,112
0x8019cc70,20
0x8019cc84,52
0x8019ccb8,160
0x8019cd58,16
0x8019cd68,16
0x8019cd78,16
0x8019cd88,196
0x8019ce4c,196
0x8019cf10,48
0x8019cf44,48
0x8019cf78,48
0x8019cfac,100
0x8019d010,236
0x8019d0fc,28
0x8019d11c,20
0x8019d130,28
0x8019d14c,32
0x8019d16c,20
0x8019d180,104
0x8019d1e8,8
0x8019d1f0,76
0x8019d23c,180
0x8019d2f0,160
0x8019d390,64
0x8019d3d0,68
0x8019d414,272
0x8019d524,176
0x8019d5d4,188
0x8019d698,72
0x8019d6e0,112
0x8019d750,156
0x8019d7ec,212
0x8019d8c0,96
0x8019d920,132
0x8019d9a4,276
0x8019dab8,548
0x8019dcdc,364
0x8019de48,100
0x8019deac,616
0x8019e12c,80
0x8019e17c,136
0x8019e204,76
0x8019e250,68
0x8019e294,72
0x8019e2dc,72
0x8019e324,68
0x8019e368,68
0x8019e3ac,92
0x8019e420,416
0x8019e5c0,224
0x8019e6a0,72
0x8019e6e8,144
0x8019e778,76
0x8019e7c4,64
0x8019e804,140
0x8019e890,136
0x8019e91c,200
0x8019e9e4,192
0x8019eaa4,304
0x8019ebdc,156
0x8019ec78,132
0x8019ed60,244
0x8019ee54,112
0x8019eec4,640
0x8019f160,108
0x8019f1cc,108
0x8019f238,228
0x8019f31c,568
0x8019f554,264
0x8019f65c,132
0x8019f6e0,28
0x8019f700,80
0x8019f750,136
0x8019f7d8,56
0x8019f810,56
0x8019f848,100
0x8019f8ac,88
0x8019f904,132
0x8019f988,56
0x8019f9c0,140
0x8019fa4c,240
0x8019fb3c,72
0x8019fb84,56
0x8019fbbc,152
0x8019fc54,200
0x8019fd1c,104
0x8019fd84,24
0x8019fd9c,896
0x801a011c,896
0x801a049c,120
0x801a0514,248
0x801a060c,288
0x801a0738,372
0x801a08ac,260
0x801a09b0,164
0x801a0a54,308
0x801a0b88,404
0x801a0d1c,360
0x801a0e84,104
0x801a0eec,296
0x801a1014,184
0x801a10cc,88
0x801a1124,616
0x801a138c,504
0x801a1584,512
0x801a17a0,356
0x801a1904,284
0x801a1a20,452
0x801a1be8,664
0x801a1e80,136
0x801a1f08,56
0x801a1f40,100
0x801a1fa4,180
0x801a2058,144
0x801a20e8,168
0x801a2190,108
0x801a21fc,84
0x801a2250,852
0x801a25a4,332
0x801a26f0,180
0x801a27a4,316
0x801a28e0,128
0x801a2960,188
0x801a2a1c,84
0x801a2a70,224
0x801a2b50,28
0x801a2b6c,132
0x801a2bf0,788
0x801a2f04,196
0x801a2fc8,100
0x801a302c,540
0x801a3248,364
0x801a33b8,496
0x801a35a8,16
0x801a35b8,260
0x801a36bc,140
0x801a3748,556
0x801a3974,16
0x801a3984,216
0x801a3a5c,92
0x801a3ab8,16
0x801a3ac8,156
0x801a3b64,156
0x801a3c00,500
0x801a3df4,92
0x801a3e50,416
0x801a3ff0,68
0x801a4034,216
0x801a410c,316
0x801a4248,316
0x801a4384,284
0x801a44a0,280
0x801a45b8,188
0x801a4674,544
0x801a4894,392
0x801a4a1c,172
0x801a4ac8,160
0x801a4b68,288
0x801a4c88,184
0x801a4d40,136
0x801a4dc8,408
0x801a4f60,160
0x801a5000,176
0x801a50b0,156
0x801a514c,168
0x801a51f4,28
0x801a5210,240
0x801a5300,644
0x801a5598,432
0x801a575c,180
0x801a5824,168
0x801a58e0,1276
0x801a5ddc,184
0x801a5e94,140
0x801a5f20,64
0x801a5f60,72
0x801a5fa8,76
0x801a5ff4,128
0x801a6074,16
0x801a6084,16
0x801a6094,24
0x801a60ac,252
0x801a61a8,108
0x801a6214,56
0x801a624c,152
0x801a62e4,160
0x801a6384,216
0x801a645c,208
0x801a652c,208
0x801a65fc,124
0x801a6678,92
0x801a66d4,104
0x801a673c,396
0x801a68c8,28
0x801a68e8,120
0x801a6960,184
0x801a6a18,4
0x801a6a1c,644
0x801a6ca0,176
0x801a6d50,176
0x801a6e00,152
0x801a6e98,392
0x801a7020,16
0x801a7030,264
0x801a7138,436
0x801a72ec,232
0x801a73d4,120
0x801a744c,192
0x801a750c,184
0x801a75c4,316
0x801a7700,208
0x801a77d0,408
0x801a7968,4
0x801a796c,220
0x801a7a48,260
0x801a7b4c,228
0x801a7c30,544
0x801a7e50,632
0x801a80c8,260
0x801a81cc,336
0x801a831c,344
0x801a8474,64
0x801a84b4,92
0x801a8510,188
0x801a85cc,464
0x801a879c,184
0x801a8854,116
0x801a88cc,80
0x801a891c,540
0x801a8b38,352
0x801a8c98,564
0x801a8ecc,176
0x801a8f7c,552
0x801a91a4,68
0x801a91e8,476
0x801a93c4,396
0x801a9550,480
0x801a9730,416
0x801a98d0,184
0x801a9988,132
0x801a9a0c,276
0x801a9b20,180
0x801a9bd4,4
0x801a9bd8,424
0x801a9d80,260
0x801a9e84,112
0x801a9ef4,96
0x801a9f54,136
0x801a9fdc,120
0x801aa054,80
0x801aa0a4,84
0x801aa0f8,176
0x801aa1a8,552
0x801aa3d0,196
0x801aa494,476
0x801aa670,972
0x801aaa3c,1108
0x801aaea0,668
0x801ab13c,300
0x801ab268,28
0x801ab284,64
0x801ab2c4,180
0x801ab378,744
0x801ab660,836
0x801ab9a4,252
0x801abaa0,316
0x801abbdc,64
0x801abc1c,1148
0x801ac09c,188
0x801ac158,316
0x801ac294,428
0x801ac440,304
0x801ac570,116
0x801ac5e4,860
0x801ac940,80
0x801ac990,992
0x801acd70,284
0x801ace8c,224
0x801acf6c,52
0x801acfa0,1464
0x801ad558,396
0x801ad6e4,220
0x801ad7c0,140
0x801ad84c,256
0x801ad94c,224
0x801ada2c,340
0x801adb84,280
0x801adc9c,512
0x801ade9c,296
0x801adfc4,344
0x801ae11c,224
0x801ae1fc,44
0x801ae228,76
0x801ae274,224
0x801ae354,96
0x801ae3b4,112
0x801ae424,396
0x801ae5b0,476
0x801ae78c,316
0x801ae8c8,492
0x801aeab4,504
0x801aecac,272
0x801aedbc,308
0x801aeef0,472
0x801af0e0,536
0x801af2f8,428
0x801af50c,168
0x801af5b4,96
0x801af614,192
0x801af6d4,224
0x801af7b4,136
0x801af83c,140
0x801af8c8,96
0x801af928,92
0x801af984,416
0x801afb24,160
0x801afbc4,484
0x801afda8,160
0x801afe48,144
0x801afed8,124
0x801aff54,140
0x801affe0,216
0x801b00b8,160
0x801b0158,124
0x801b01d4,124
0x801b0250,124
0x801b02cc,252
0x801b03c8,232
0x801b04b0,96
0x801b0510,180
0x801b05c4,204
0x801b0690,132
0x801b0714,180
0x801b07c8,132
0x801b084c,176
0x801b08fc,148
0x801b0990,92
0x801b09ec,444
0x801b0ba8,116
0x801b0c1c,96
0x801b0c7c,448
0x801b0e3c,176
0x801b0eec,320
0x801b102c,56
0x801b1064,48
0x801b1094,68
0x801b10d8,68
0x801b111c,116
0x801b1190,116
0x801b1204,68
0x801b1248,68
0x801b128c,188
0x801b1348,148
0x801b13dc,112
0x801b144c,96
0x801b14ac,92
0x801b1508,40
0x801b1530,96
0x801b1590,124
0x801b160c,120
0x801b1684,1056
0x801b1aa4,48
0x801b1ad4,48
0x801b1b04,48
0x801b1b34,244
0x801b1c28,104
0x801b1c90,192
0x801b1d50,200
0x801b1e18,472
0x801b1ff0,344
0x801b2148,76
0x801b2194,200
0x801b225c,1104
0x801b26ac,68
0x801b26f0,124
0x801b276c,228
0x801b2850,400
0x801b29e0,200
0x801b2aa8,96
0x801b2b0c,320
0x801b2c4c,160
0x801b2cec,552
0x801b2f14,344
0x801b306c,164
0x801b3110,304
0x801b3240,600
0x801b3498,332
0x801b35e4,532
0x801b37f8,840
0x801b3b40,680
0x801b3de8,780
0x801b40f4,708
0x801b43b8,584
0x801b4600,504
0x801b47f8,920
0x801b4b90,668
0x801b4e2c,252
0x801b4f28,44
0x801b4f54,412
0x801b50f0,144
0x801b5180,564
0x801b53b4,400
0x801b5544,184
0x801b55fc,208
0x801b56cc,164
0x801b5770,164
0x801b5814,292
0x801b5938,200
0x801b5a00,256
0x801b5b00,28
0x801b5b1c,4
0x801b5b20,4916
0x801b6e58,420
0x801b6ffc,340
0x801b7150,568
0x801b7388,180
0x801b743c,188
0x801b74f8,112
0x801b7568,372
0x801b76dc,264
0x801b77e4,716
0x801b7ab0,408
0x801b7c48,228
0x801b7d2c,20
0x801b7d40,464
0x801b7f10,108
0x801b7f7c,128
0x801b7ffc,108
0x801b8068,220
0x801b8144,68
0x801b8188,276
0x801b829c,816
0x801b85cc,2672
0x801b903c,76
0x801b908c,300
0x801b91b8,212
0x801b928c,256
0x801b938c,136
0x801b9414,144
0x801b94a4,16
0x801b94b4,196
0x801b9578,252
0x801b9674,196
0x801b9738,216
0x801b9810,192
0x801b98d0,760
0x801b9bc8,760
0x801b9ec0,436
0x801ba074,212
0x801ba148,192
0x801ba208,368
0x801ba378,412
0x801ba514,164
0x801ba5b8,268
0x801ba6c4,420
0x801ba868,92
0x801ba8c4,76
0x801ba910,16
0x801ba920,184
0x801ba9d8,328
0x801bab20,64
0x801bab60,272
0x801bac70,64
0x801bacb0,108
0x801bad1c,280
0x801bae34,208
0x801baf04,144
0x801baf94,232
0x801bb07c,80
0x801bb0cc,352
0x801bb22c,156
0x801bb2c8,432
0x801bb478,260
0x801bb57c,320
0x801bb6bc,324
0x801bb800,336
0x801bb950,280
0x801bba68,376
0x801bbbe0,196
0x801bbca4,200
0x801bbd6c,104
0x801bbdd4,160
0x801bbe74,152
0x801bbf0c,512
0x801bc10c,304
0x801bc23c,248
0x801bc334,404
0x801bc4c8,380
0x801bc644,220
0x801bc720,84
0x801bc774,136
0x801bc7fc,112
0x801bc86c,104
0x801bc8d4,460
0x801bcaa0,124
0x801bcb1c,140
0x801bcba8,260
0x801bccac,264
0x801bcdb4,264
0x801bcec0,292
0x801bcfe4,672
0x801bd284,308
0x801bd3b8,28
0x801bd3d4,2652
0x801bde34,244
0x801bdf28,240
0x801be018,2476
0x801be9cc,232
0x801beab4,780
0x801bedc0,364
0x801bef2c,140
0x801befb8,4
0x801befbc,8
0x801befc4,100
0x801bf028,100
0x801bf08c,136
0x801bf114,164
0x801bf1b8,44
0x801bf1e4,104
0x801bf24c,112
0x801bf2bc,224
0x801bf39c,36
0x801bf3c4,188
0x801bf480,28
0x801bf4a0,164
0x801bf544,164
0x801bf5e8,152
0x801bf680,44
0x801bf6ac,56
0x801bf6e4,176
0x801bf794,176
0x801bf844,196
0x801bf908,176
0x801bf9b8,408
0x801bfb50,232
0x801bfc38,132
0x801bfcbc,132
0x801bfd40,288
0x801bfe60,176
0x801bff10,284
0x801c002c,168
0x801c00d4,192
0x801c0194,1396
0x801c0708,1572
0x801c0d2c,56
0x801c0d64,76
0x801c0db0,344
0x801c0f08,136
0x801c0f90,116
0x801c1004,88
0x801c105c,128
0x801c10dc,88
0x801c1134,196
0x801c11f8,56
0x801c1234,84
0x801c1288,344
0x801c13e0,140
0x801c146c,60
0x801c14a8,100
0x801c150c,888
0x801c1884,92
0x801c18e0,100
0x801c1944,40
0x801c196c,204
0x801c1a38,264
0x801c1b40,864
0x801c1ea0,1200
0x801c2350,36
0x801c2374,316
0x801c24b0,212
0x801c2588,92
0x801c25e4,64
0x801c2624,224
0x801c2704,276
0x801c2818,920
0x801c2bb0,216
0x801c2c88,380
0x801c2e04,572
0x801c3040,236
0x801c312c,304
0x801c325c,52
0x801c3290,320
0x801c33d0,328
0x801c3518,680
0x801c37c0,720
0x801c3a94,492
0x801c3c80,156
0x801c3d20,1424
0x801c42b8,416
0x801c4458,196
0x801c451c,400
0x801c46ac,316
0x801c47e8,380
0x801c4964,248
0x801c4a5c,212
0x801c4b30,276
0x801c4c44,156
0x801c4ce0,188
0x801c4d9c,136
0x801c4e24,340
0x801c4f78,1040
0x801c5388,912
0x801c5718,1052
0x801c5b34,144
0x801c5bc4,116
0x801c5c38,56
0x801c5c70,464
0x801c5e40,340
0x801c5f94,316
0x801c60d0,848
0x801c6420,592
0x801c6670,208
0x801c6740,224
0x801c6820,628
0x801c6a94,144
0x801c6b24,80
0x801c6b80,276
0x801c6ca0,32
0x801c6cc0,224
0x801c6de8,92
0x801c6e44,84
0x801c6e98,164
0x801c6f3c,128
0x801c6fbc,272
0x801c70cc,4
0x801c70d0,4
0x801c70d4,744
0x801c73bc,188
0x801c7478,292
0x801c759c,260
0x801c76a0,224
0x801c7780,224
0x801c7860,28
0x801c787c,200
0x801c7944,24
0x801c795c,72
0x801c79a4,152
0x801c7a4c,64
0x801c7a8c,12
0x801c7a9c,152
0x801c7b50,156
0x801c7c38,12
0x801c7c5c,12
0x801c7c68,12
0x801c7c74,560
0x801c7ea8,260
0x801c7fac,188
0x801c8068,248
0x801c8160,120
0x801c8244,40
0x801c8290,92
0x801c8310,40
0x801c835c,40
0x801c8384,4
0x801c8388,4
0x801c838c,4
0x801c8390,4
0x801c8394,4
0x801c8398,4
0x801c839c,4
0x801c83a0,4
0x801c83a4,4
0x801c83a8,4
0x801c83ac,4
0x801c83b0,4
0x801c83b4,4
0x801c83b8,24
0x801c83d0,4
0x801c83d4,4
0x801c83d8,4
0x801c83dc,4
0x801c83e0,4
0x801c83e4,4
0x801c83e8,4
0x801c83ec,4
0x801c83f0,4
0x801c83f4,4
0x801c83f8,4
0x801c83fc,4
0x801c8400,4
0x801c8404,24
0x801c841c,236
0x801c8508,312
0x801c8640,228
0x801c8724,268
0x801c8830,36
0x801c8854,176
0x801c8904,168
0x801c89ac,60
0x801c89e8,52
0x801c8a1c,260
0x801c8b20,272
0x801c8c30,76
0x801c8c7c,40
0x801c8ca4,152
0x801c8d3c,432
0x801c8eec,432
0x801c909c,1364
0x801c95f0,1292
0x801c9afc,68
0x801c9cb4,64
0x801c9cf4,260
0x801c9df8,1032
0x801ca200,324
0x801ca344,40
0x801ca37c,164
0x801ca420,108
0x801ca48c,220
0x801ca568,648
0x801ca7f0,232
0x801ca8dc,796
0x801cabf8,228
0x801cacdc,256
0x801caddc,1244
0x801cb2b8,356
0x801cb41c,420
0x801cb5c0,1868
0x801cbd2c,40
0x801cbd54,184
0x801cbe0c,776
0x801cc114,188
0x801cc1d0,308
0x801cc304,168
0x801cc3ac,4
0x801cc3b0,452
0x801cc574,24
0x801cc58c,76
0x801cc5d8,28
0x801cc5f4,192
0x801cc6b4,184
0x801cc76c,204
0x801cc838,44
0x801cc864,44
0x801cc890,76
0x801cc8dc,188
0x801cc998,168
0x801cca40,192
0x801ccb00,172
0x801ccbac,96
0x801ccc0c,24
0x801ccc24,124
0x801ccca0,16
0x801cccb0,1468
0x801cd26c,576
0x801cd4ac,688
0x801cd75c,968
0x801cdb24,296
0x801cdc4c,1948
0x801ce3e8,2220
0x801cec94,88
0x801cecec,108
0x801ced58,204
0x801cee24,200
0x801ceeec,124
0x801cef68,136
0x801ceff0,132
0x801cf074,244
0x801cf168,212
0x801cf2ec,168
0x801cf394,192
0x801cf454,68
0x801cf498,44
0x801cf4c4,76
0x801cf510,284
0x801cf62c,64
0x801cf66c,48
0x801cf69c,292
0x801cf7c0,104
0x801cf82c,4900
0x801d0b50,136
0x801d0bd8,92
0x801d0c34,1044
0x801d1048,168
0x801d10f0,236
0x801d11dc,196
0x801d12a0,8
0x801d12b0,40
0x801d12d8,1424
0x801d1868,580
0x801d1aac,700
0x801d1d68,1108
0x801d21bc,296
0x801d22e4,1936
0x801d2a74,2444
0x801d3400,88
0x801d3458,108
0x801d34c4,204
0x801d3590,248
0x801d3688,140
0x801d3714,28
0x801d3730,28
0x801d374c,68
0x801d3790,52
0x801d37c4,44
0x801d37f0,120
0x801d3868,208
0x801d3940,52
0x801d3974,20
0x801d398c,64
0x801d39cc,188
0x801d3a88,716
0x801d3d54,664
0x801d3fec,592
0x801d4244,560
0x801d4474,896
0x801d47f4,692
0x801d4aa8,276
0x801d4bbc,2068
0x801d53d0,900
0x801d5754,272
0x801d5864,5816
0x801d6f1c,192
0x801d6fdc,592
0x801d722c,560
0x801d745c,328
0x801d75a8,44
0x801d75d4,200
0x801d769c,332
0x801d77ec,136
0x801d7874,364
0x801d79e0,252
0x801d7adc,204
0x801d7ba8,120
0x801d7c20,4
0x801d7c24,4
0x801d7c28,4
0x801d7c30,4
0x801d7c38,4
0x801d7c3c,4
0x801d7c40,584
0x801d7e88,4
0x801d7e8c,4
0x801d7e90,160
0x801d7f30,8
0x801d7f50,60
0x801d7fc0,180
0x801d8074,112
0x801d80e8,36
0x801d810c,36
0x801d8130,116
0x801d81a4,36
0x801d81cc,48
0x801d81fc,8
0x801d8204,8
0x801d820c,40
0x801d8230,264
0x801d8338,264
0x801d8440,56
0x801d8478,60
0x801d84b4,236
0x801d85a0,316
0x801d86dc,296
0x801d8804,288
0x801d8924,148
0x801d89bc,144
0x801d8a50,4
0x801d8a54,104
0x801d8abc,308
0x801d8bf0,72
0x801d8c38,16
0x801d8c48,136
0x801d8cd0,56
0x801d8d08,312
0x801d8e40,4
0x801d8e44,84
0x801d8e98,40
0x801d8ec4,20
0x801d8ed8,60
0x801d8f14,60
0x801d8f50,20
0x801d8f64,20
0x801d8f78,24
0x801d8f90,84
0x801d8fe4,144
0x801d9074,36
0x801d9098,140
0x801d9124,204
0x801d91f0,24
0x801d9208,8
0x801d9210,172
0x801d92bc,36
0x801d92e0,12
0x801d92ec,116
0x801d9360,204
0x801d942c,44
0x801d9458,64
0x801d9498,8
0x801d94a0,8
0x801d94a8,28
0x801d94c4,500
0x801d96b8,296
0x801d97e0,280
0x801d98f8,228
0x801d99dc,268
0x801d9ae8,52
0x801d9b1c,452
0x801d9ce0,356
0x801d9e44,100
0x801d9ea8,32
0x801d9ec8,156
0x801d9f64,36
0x801d9f88,40
0x801d9fb0,36
0x801d9fd8,48
0x801da008,164
0x801da0ac,144
0x801da13c,208
0x801da20c,244
0x801da300,100
0x801da364,240
0x801da454,224
0x801da534,152
0x801da5cc,232
0x801da6b4,8
0x801da6bc,112
0x801da72c,136
0x801da7b4,108
0x801da820,108
0x801da88c,564
0x801daac0,528
0x801dacd0,508
0x801daecc,672
0x801db16c,196
0x801db230,644
0x801db4b4,184
0x801db56c,204
0x801db638,104
0x801db6a0,104
0x801db708,8
0x801db710,8
0x801db718,172
0x801db7c4,8
0x801db7cc,8
0x801db7d4,248
0x801db8cc,204
0x801db998,336
0x801dbae8,248
0x801dbbe0,316
0x801dbd1c,356
0x801dbe80,368
0x801dbff0,744
0x801dc2d8,280
0x801dc3f0,92
0x801dc44c,512
0x801dc64c,156
0x801dc6e8,292
0x801dc80c,132
0x801dc894,112
0x801dc908,16
0x801dc918,500
0x801dcb0c,16
0x801dcb1c,16
0x801dcb2c,24
0x801dcb44,220
0x801dcc20,168
0x801dccc8,36
0x801dccec,36
0x801dcd10,456
0x801dced8,104
0x801dcf40,16
0x801dcf50,8
0x801dcf58,144
0x801dcfe8,8
0x801dcff0,8
