address,name
0x80004050,entry
0x800070e0,main
0x80135e00,OSInit
0x80137680,__OSInitAudioSystem
0x80137970,DCFlushRange
0x80138220,OSSetCurrentContext
0x80138290,OSSaveContext
0x80138310,OSLoadContext
0x80138400,OSSwitchFiber
0x80138460,OSClearContext
0x80138880,OSReport
0x80138900,OSPanic
0x8013da70,OSRealModeCall
0x8013fad0,OSSelectThread
0x80143790,EXIImm
0x80143ac0,EXIDma
0x80143bc0,EXISync
0x80143ed0,EXIProbe
0x80144230,EXISelect
0x80144360,EXIDeselect
0x80144810,EXIInit
0x801449e0,EXILock
0x80144ae0,EXIUnlock
0x80144bf0,EXIGetID
0x80147860,VIWaitForRetrace
0x80175300,ESGetTitleId
0x80175af0,IOSSendRequest
0x80175e80,IOSOpen
0x80176710,IOSIoctlAsync
0x80176bb0,IOSIoctlv
0x8017b5a0,WPADInit
0x80193cf0,KPADInit
0x801c8a1c,setjmp
0x801c8b20,longjmp
0x8014fe50,GXDrawDone
0x801934d0,KPADReadEx
0x8017c9e0,WPADProbe
0x8017cd60,WPADGetInfoAsync
0x8015ea40,HleZero_8015EA40
0x8015eaa0,HleZero_8015EAA0
0x8015ecf0,HleZero_8015ECF0
0x8015ed70,HleZero_8015ED70
0x8015f690,HleZero_8015F690
0x8015f700,HleZero_8015F700
0x8015f770,HleZero_8015F770
0x8015f7e0,HleZero_8015F7E0
0x8015f800,HleZero_8015F800
0x8015f820,HleZero_8015F820
0x80160290,HleZero_80160290
0x801602b0,HleZero_801602B0
0x801602c0,HleZero_801602C0
0x801602d0,HleZero_801602D0
0x801602e0,HleZero_801602E0
0x80160300,HleZero_80160300
0x80160310,HleZero_80160310
0x80160320,HleZero_80160320
0x801609c0,HleZero_801609C0
0x80160a10,HleZero_80160A10
0x80160a40,HleZero_80160A40
0x80160b10,HleZero_80160B10
